AUXOS13BGH,0.000000
PROTS13BGH,0.000000
AUXOS13BGHe,0.000000
PROTS13BGHe,0.000000
AUXOS13GS,0.326632
PROTS13GS,0.326632
AUXOS16GS,0.000000
PROTS16GS,0.000000
AUXOS23CAPPD,0.000000
PROTS23CAPPD,0.000000
AUXOS2DDA7Ptm,-0.077641
PROTS2DDA7Ptm,-0.074508
AUXOS2DHPtm,0.000000
PROTS2DHPtm,0.000000
AUXOS2DOXG6PP,0.000000
PROTS2DOXG6PP,0.000000
AUXOS2HBO,-0.001992
PROTS2HBO,0.001992
AUXOS2HBt2,-0.001992
PROTS2HBt2,0.001992
AUXOS2HMHMBQMTm,0.000000
PROTS2HMHMBQMTm,0.000000
AUXOS2HP6MPMOm,0.000000
PROTS2HP6MPMOm,0.000000
AUXOS2HPMBQMTm,0.000000
PROTS2HPMBQMTm,0.000000
AUXOS2HPMMBQMOm,0.000000
PROTS2HPMMBQMOm,0.000000
AUXOS2MBACt,0.000000
PROTS2MBACt,0.000000
AUXOS2MBALDt,0.000000
PROTS2MBALDt,0.000000
AUXOS2MBALDtm,0.000000
PROTS2MBALDtm,0.000000
AUXOS2MBTOHt,0.000000
PROTS2MBTOHt,0.000000
AUXOS2MBTOHtm,0.000000
PROTS2MBTOHtm,0.000000
AUXOS2MPPALt,0.000004
PROTS2MPPALt,-0.000004
AUXOS2MPPALtm,0.000000
PROTS2MPPALtm,0.000000
AUXOS2OBUTtm,0.056298
PROTS2OBUTtm,0.054633
AUXOS2OXOADPtim,0.083610
PROTS2OXOADPtim,0.081145
AUXOS2PHETOHt,0.000000
PROTS2PHETOHt,0.000000
AUXOS2PHETOHtm,0.000000
PROTS2PHETOHtm,0.000000
AUXOS34HPLFM,0.000000
PROTS34HPLFM,0.000000
AUXOS34HPPOR,0.000000
PROTS34HPPOR,0.000000
AUXOS34HPPt2m,0.000000
PROTS34HPPt2m,0.000000
AUXOS34HPPt2p,0.000000
PROTS34HPPt2p,0.000000
AUXOS3C3HMPt,-0.003637
PROTS3C3HMPt,0.003637
AUXOS3C3HMPtm,-0.082826
PROTS3C3HMPtm,-0.087801
AUXOS3C4MOPtm,0.000000
PROTS3C4MOPtm,0.000000
AUXOS3DH5HPBMTm,0.000000
PROTS3DH5HPBMTm,0.000000
AUXOS3DH5HPBtm,0.000000
PROTS3DH5HPBtm,0.000000
AUXOS3DSPHR,0.000000
PROTS3DSPHR,0.000000
AUXOS3HAO,0.000000
PROTS3HAO,0.000000
AUXOS3HPH5MBDCm,0.000000
PROTS3HPH5MBDCm,0.000000
AUXOS3IPM3MT,0.000000
PROTS3IPM3MT,0.000000
AUXOS3MBALDt,0.000000
PROTS3MBALDt,0.000000
AUXOS3MBALDtm,0.000000
PROTS3MBALDtm,0.000000
AUXOS3MOBDC,0.000004
PROTS3MOBDC,-0.000004
AUXOS3MOBtm,-0.078176
PROTS3MOBtm,-0.074145
AUXOS3MOPDC,0.000000
PROTS3MOPDC,0.000000
AUXOS3MOPt,0.001162
PROTS3MOPt,-0.001162
AUXOS3MOPtm,-0.056298
PROTS3MOPtm,-0.054633
AUXOS3OPHB5Hm,0.000000
PROTS3OPHB5Hm,0.000000
AUXOS3OPHB_5tm,0.000000
PROTS3OPHB_5tm,-0.000000
AUXOS4ABUTNtm,0.000000
PROTS4ABUTNtm,0.000000
AUXOS4ABUTtm,0.000000
PROTS4ABUTtm,0.000000
AUXOS4ABZt,-0.000000
PROTS4ABZt,0.000000
AUXOS4ABZtm,0.000000
PROTS4ABZtm,0.000000
AUXOS4H2OGLTtm,0.000000
PROTS4H2OGLTtm,0.000000
AUXOS4H2OGLTtp,0.000000
PROTS4H2OGLTtp,0.000000
AUXOS4HBZCOAFm,0.000000
PROTS4HBZCOAFm,0.000000
AUXOS4HBZFm,0.000000
PROTS4HBZFm,0.000000
AUXOS4HBZtm,0.000000
PROTS4HBZtm,0.000000
AUXOS4HGLSDm,0.000000
PROTS4HGLSDm,0.000000
AUXOS4HPRO_LTtm,0.000000
PROTS4HPRO_LTtm,0.000000
AUXOS4HTHRS,0.000000
PROTS4HTHRS,0.000000
AUXOS4MOPDC,0.000000
PROTS4MOPDC,0.000000
AUXOS5AOPt2,0.000000
PROTS5AOPt2,0.000000
AUXOS5AOPtm,-0.000002
PROTS5AOPtm,-0.000002
AUXOS6PGLter,-0.002240
PROTS6PGLter,-0.000293
AUXOS8AONNt2,0.000000
PROTS8AONNt2,0.000000
AUXOSAABTN,0.000000
PROTSAABTN,0.000000
AUXOSAACTOOR,0.000000
PROTSAACTOOR,0.000000
AUXOSAASAD1,0.000000
PROTSAASAD1,0.000000
AUXOSAASAD2,0.083610
PROTSAASAD2,0.081145
AUXOSAATA,0.083610
PROTSAATA,0.081145
AUXOSABTA,0.000000
PROTSABTA,0.000000
AUXOSABTt,0.000000
PROTSABTt,0.000000
AUXOSABUTDm,0.000000
PROTSABUTDm,0.000000
AUXOSABUTt2r,-0.000000
PROTSABUTt2r,0.000000
AUXOSACACT1,0.000000
PROTSACACT1,0.000000
AUXOSACACT1m,0.005842
PROTSACACT1m,0.001759
AUXOSACACT4p,0.000000
PROTSACACT4p,-0.000000
AUXOSACACT5p,0.000000
PROTSACACT5p,-0.000000
AUXOSACACT6p,0.000062
PROTSACACT6p,-0.000000
AUXOSACACT7p,-0.000010
PROTSACACT7p,-0.000000
AUXOSACACT8p,-0.000010
PROTSACACT8p,-0.000000
AUXOSACACT9p,-0.000010
PROTSACACT9p,0.000000
AUXOSACALDCD,0.000000
PROTSACALDCD,0.000000
AUXOSACALDt,-0.004458
PROTSACALDt,0.004458
AUXOSACALDtm,-1.340430
PROTSACALDtm,-1.340098
AUXOSACCOACr,0.127980
PROTSACCOACr,0.100905
AUXOSACCOACrm,0.000000
PROTSACCOACrm,0.000000
AUXOSACCOAtn,0.000000
PROTSACCOAtn,0.000000
AUXOSACESt,0.000000
PROTSACESt,0.000000
AUXOSACGAM6PS,0.000000
PROTSACGAM6PS,0.000000
AUXOSACGAMPM,0.000000
PROTSACGAMPM,0.000000
AUXOSACGKm,0.046178
PROTSACGKm,0.046331
AUXOSACGSm,0.000000
PROTSACGSm,0.000000
AUXOSACHBSm,0.056298
PROTSACHBSm,0.054633
AUXOSACHLE1,0.000000
PROTSACHLE1,0.000000
AUXOSACHLE2,0.000000
PROTSACHLE2,0.000000
AUXOSACHLE3,0.000000
PROTSACHLE3,0.000000
AUXOSACLSm,0.161002
PROTSACLSm,0.161945
AUXOSACOAHim,0.000000
PROTSACOAHim,0.000000
AUXOSACOAO4p,0.000000
PROTSACOAO4p,-0.000000
AUXOSACOAO5p,0.000000
PROTSACOAO5p,-0.000000
AUXOSACOAO6p,0.000062
PROTSACOAO6p,-0.000000
AUXOSACOAO7p,-0.000010
PROTSACOAO7p,-0.000000
AUXOSACOAO8p,-0.000010
PROTSACOAO8p,-0.000000
AUXOSACOAO9p,-0.000010
PROTSACOAO9p,0.000000
AUXOSACOATA,0.000000
PROTSACOATA,0.000000
AUXOSACOATAm,0.000000
PROTSACOATAm,0.000000
AUXOSACON3MT,0.000000
PROTSACON3MT,0.000000
AUXOSACONT,0.262825
PROTSACONT,0.266268
AUXOSACONT3m,0.000000
PROTSACONT3m,0.000000
AUXOSACONTm,0.263152
PROTSACONTm,0.264589
AUXOSACOTAim,0.046178
PROTSACOTAim,0.046331
AUXOSACP1e,0.000000
PROTSACP1e,0.000000
AUXOSACPSm,0.000000
PROTSACPSm,0.000000
AUXOSACRNtm,0.000000
PROTSACRNtm,0.000000
AUXOSACRNtp,0.000000
PROTSACRNtp,0.000000
AUXOSACS,0.146355
PROTSACS,0.147754
AUXOSACSm,0.000000
PROTSACSm,0.000000
AUXOSACSp,0.000000
PROTSACSp,-0.000000
AUXOSACt2r,-0.495144
PROTSACt2r,-0.512101
AUXOSACtm,0.000000
PROTSACtm,0.000000
AUXOSACtp,0.000000
PROTSACtp,-0.000000
AUXOSACtr,0.513798
PROTSACtr,0.488857
AUXOSADA,0.000000
PROTSADA,0.000000
AUXOSADCL,0.000000
PROTSADCL,0.000001
AUXOSADCS,0.000000
PROTSADCS,0.000001
AUXOSADD,0.000000
PROTSADD,0.000000
AUXOSADEt2,0.000000
PROTSADEt2,0.000000
AUXOSADEtm,0.000000
PROTSADEtm,0.000000
AUXOSADHAPSC,0.000000
PROTSADHAPSC,0.000000
AUXOSADK1,0.283672
PROTSADK1,0.298610
AUXOSADK1m,0.000000
PROTSADK1m,0.000000
AUXOSADK3,0.008429
PROTSADK3,0.016527
AUXOSADK3m,0.000000
PROTSADK3m,0.000000
AUXOSADK4,0.141836
PROTSADK4,0.149305
AUXOSADK4m,0.000000
PROTSADK4m,0.000000
AUXOSADMDC,0.000000
PROTSADMDC,0.000000
AUXOSADNCYC,0.000000
PROTSADNCYC,0.000000
AUXOSADNK1,0.006447
PROTSADNK1,0.005182
AUXOSADNUC,0.000000
PROTSADNUC,0.000000
AUXOSADNt2,0.000000
PROTSADNt2,0.000000
AUXOSADPT,0.000000
PROTSADPT,0.000000
AUXOSADSK,0.000000
PROTSADSK,0.032986
AUXOSADSL1r,0.033990
PROTSADSL1r,0.032731
AUXOSADSL2r,0.028047
PROTSADSL2r,0.028940
AUXOSADSS,0.033990
PROTSADSS,0.032731
AUXOSAGAT_SC,0.007109
PROTSAGAT_SC,0.007109
AUXOSAGPRim,0.046178
PROTSAGPRim,0.046331
AUXOSAGTi,0.019283
PROTSAGTi,0.009853
AUXOSAHCYStm,0.000000
PROTSAHCYStm,-0.000001
AUXOSAHCi,0.006447
PROTSAHCi,0.005182
AUXOSAHMMPS,0.000000
PROTSAHMMPS,0.000000
AUXOSAHSERL,0.000000
PROTSAHSERL,0.000000
AUXOSAHSERL2,0.000010
PROTSAHSERL2,0.032986
AUXOSAICART,0.048206
PROTSAICART,0.046948
AUXOSAIRCr,0.028047
PROTSAIRCr,0.028940
AUXOSAKGDam,0.219004
PROTSAKGDam,0.222205
AUXOSAKGDbm,0.219004
PROTSAKGDbm,0.222205
AUXOSAKGMAL,-0.001009
PROTSAKGMAL,0.001009
AUXOSAKGt2n,0.000000
PROTSAKGt2n,0.000000
AUXOSAKGt2r,0.003089
PROTSAKGt2r,-0.003089
AUXOSAKGtp,0.000000
PROTSAKGtp,0.000000
AUXOSAKP1,0.000000
PROTSAKP1,0.000000
AUXOSALASm,0.000002
PROTSALASm,0.000002
AUXOSALATA_L,-0.152968
PROTSALATA_L,-0.140284
AUXOSALATA_Lm,0.000000
PROTSALATA_Lm,0.000000
AUXOSALATRS,0.000000
PROTSALATRS,0.000000
AUXOSALAt2r,-0.001627
PROTSALAt2r,0.001627
AUXOSALAtmi,0.000000
PROTSALAtmi,0.000000
AUXOSALCD19y,0.000000
PROTSALCD19y,0.000000
AUXOSALCD22xi,0.000000
PROTSALCD22xi,0.000000
AUXOSALCD22xim,0.000000
PROTSALCD22xim,0.000000
AUXOSALCD22yi,0.000000
PROTSALCD22yi,0.000000
AUXOSALCD23xi,0.000000
PROTSALCD23xi,0.000000
AUXOSALCD23xim,0.000000
PROTSALCD23xim,0.000000
AUXOSALCD23yi,0.000000
PROTSALCD23yi,0.000000
AUXOSALCD24xi,0.000000
PROTSALCD24xi,0.000000
AUXOSALCD24xim,0.000000
PROTSALCD24xim,0.000000
AUXOSALCD24yi,0.000000
PROTSALCD24yi,0.000000
AUXOSALCD25xi,0.000000
PROTSALCD25xi,0.000000
AUXOSALCD25xim,0.000000
PROTSALCD25xim,0.000000
AUXOSALCD25yi,0.000000
PROTSALCD25yi,0.000000
AUXOSALCD26xi,0.000000
PROTSALCD26xi,0.000000
AUXOSALCD26xim,0.000000
PROTSALCD26xim,0.000000
AUXOSALCD2if,0.000000
PROTSALCD2if,0.000000
AUXOSALCD2ir,7.236980
PROTSALCD2ir,7.236952
AUXOSALCD2irm,1.340430
PROTSALCD2irm,1.340098
AUXOSALCD2x,-7.236980
PROTSALCD2x,-7.236952
AUXOSALDD19x,0.000000
PROTSALDD19x,0.000000
AUXOSALDD20xm,0.000000
PROTSALDD20xm,0.000000
AUXOSALDD20y,0.000000
PROTSALDD20y,0.000000
AUXOSALDD20ym,0.000000
PROTSALDD20ym,0.000000
AUXOSALDD22x,0.000000
PROTSALDD22x,0.000000
AUXOSALDD2xm,0.000000
PROTSALDD2xm,0.000000
AUXOSALDD2y,0.127701
PROTSALDD2y,0.138012
AUXOSALDD2ym,0.000000
PROTSALDD2ym,0.000000
AUXOSALLTAHr,0.000000
PROTSALLTAHr,0.000000
AUXOSALLTNr,0.000000
PROTSALLTNr,0.000000
AUXOSALLTNti,0.000000
PROTSALLTNti,0.000000
AUXOSALLTTti,0.000000
PROTSALLTTti,0.000000
AUXOSALPHNH,0.000000
PROTSALPHNH,0.000000
AUXOSAMAOTr,0.000000
PROTSAMAOTr,0.000000
AUXOSAMETt2,0.000000
PROTSAMETt2,0.000000
AUXOSAMETtm,0.000000
PROTSAMETtm,0.000001
AUXOSAMID,0.000000
PROTSAMID,0.000000
AUXOSAMID2,0.000000
PROTSAMID2,0.000000
AUXOSAMID3,0.000000
PROTSAMID3,0.000000
AUXOSAMPDA,0.000000
PROTSAMPDA,0.000000
AUXOSAMPN,0.000000
PROTSAMPN,0.000000
AUXOSAMPtn,0.000000
PROTSAMPtn,0.000000
AUXOSANPRT,0.009285
PROTSANPRT,0.007064
AUXOSANS,0.009285
PROTSANS,0.007064
AUXOSAOBUTDs,0.000000
PROTSAOBUTDs,0.000000
AUXOSAP4AHr,0.000000
PROTSAP4AHr,0.000000
AUXOSAPRTO2,0.000000
PROTSAPRTO2,0.000000
AUXOSARAB14LO,0.000000
PROTSARAB14LO,0.000000
AUXOSARAB1D2,0.000000
PROTSARAB1D2,0.000000
AUXOSARABR,0.000000
PROTSARABR,0.000000
AUXOSARAB_Dt,0.000000
PROTSARAB_Dt,0.000000
AUXOSARAB_Lt,0.000000
PROTSARAB_Lt,0.000000
AUXOSARGN,0.000000
PROTSARGN,0.000000
AUXOSARGSL,0.044161
PROTSARGSL,0.048348
AUXOSARGSSr,0.044161
PROTSARGSSr,0.048348
AUXOSARGTRS,0.000000
PROTSARGTRS,0.000000
AUXOSARGTRSm,0.000000
PROTSARGTRSm,0.000000
AUXOSARGt2m,0.000000
PROTSARGt2m,0.000000
AUXOSARGt2r,0.002094
PROTSARGt2r,-0.002094
AUXOSARGt6,0.000000
PROTSARGt6,0.000000
AUXOSARMT,0.000000
PROTSARMT,0.000000
AUXOSASADi,0.120309
PROTSASADi,0.129990
AUXOSASNN,0.000000
PROTSASNN,0.000000
AUXOSASNNe,0.000000
PROTSASNNe,0.000000
AUXOSASNS1,0.029847
PROTSASNS1,0.028698
AUXOSASNTRS,0.000000
PROTSASNTRS,0.000000
AUXOSASNTRSm,0.000000
PROTSASNTRSm,0.000000
AUXOSASNt2m,0.000000
PROTSASNt2m,0.000000
AUXOSASNt2r,-0.000574
PROTSASNt2r,0.000574
AUXOSASNt6,0.000000
PROTSASNt6,0.000000
AUXOSASNt7,0.000000
PROTSASNt7,0.000000
AUXOSASPCT,0.032870
PROTSASPCT,0.030798
AUXOSASPGLU2m,0.000000
PROTSASPGLU2m,0.000000
AUXOSASPGLUtp,0.000000
PROTSASPGLUtp,0.000000
AUXOSASPKi,0.120309
PROTSASPKi,0.129990
AUXOSASPTA,-0.385407
PROTSASPTA,-0.387515
AUXOSASPTAm,0.007042
PROTSASPTAm,0.005890
AUXOSASPTAp,0.000000
PROTSASPTAp,0.000000
AUXOSASPTRS,0.000000
PROTSASPTRS,0.000000
AUXOSASPTRSm,0.000000
PROTSASPTRSm,0.000000
AUXOSASPt2m,0.007042
PROTSASPt2m,0.005890
AUXOSASPt2n,-0.109317
PROTSASPt2n,-0.107159
AUXOSASPt2r,-0.003511
PROTSASPt2r,0.003511
AUXOSASPt5n,-0.109317
PROTSASPt5n,-0.107159
AUXOSASPt7,0.000000
PROTSASPt7,0.000000
AUXOSATHRDHr,0.000000
PROTSATHRDHr,0.000000
AUXOSATP2tp_H,0.000000
PROTSATP2tp_H,0.000000
AUXOSATPATF1,0.000000
PROTSATPATF1,0.000000
AUXOSATPATF2,0.000000
PROTSATPATF2,0.000000
AUXOSATPATF3,0.000000
PROTSATPATF3,0.000000
AUXOSATPH1,0.000000
PROTSATPH1,0.000000
AUXOSATPM,1.000000
PROTSATPM,1.000000
AUXOSATPPRT,0.020159
PROTSATPPRT,0.018008
AUXOSATPS,0.000000
PROTSATPS,0.000000
AUXOSATPS3g,0.000000
PROTSATPS3g,0.000000
AUXOSATPS3m,4.281270
PROTSATPS3m,4.279723
AUXOSATPS3v,0.000000
PROTSATPS3v,0.000000
AUXOSATPtm_H,4.454094
PROTSATPtm_H,4.455595
AUXOSATPtp_H,0.000000
PROTSATPtp_H,-0.000000
AUXOSBACCL,0.000000
PROTSBACCL,0.000000
AUXOSBPNT,0.000447
PROTSBPNT,0.032540
AUXOSBTDD_RR,0.000000
PROTSBTDD_RR,0.000000
AUXOSBTDt_RR,0.000000
PROTSBTDt_RR,0.000000
AUXOSBTNt2i,0.000000
PROTSBTNt2i,0.000000
AUXOSBTSr,0.000000
PROTSBTSr,0.000000
AUXOSC14STR,0.001266
PROTSC14STR,0.000000
AUXOSC22STDS,0.000000
PROTSC22STDS,0.000000
AUXOSC22STDSx,0.000000
PROTSC22STDSx,0.000000
AUXOSC24STRer,0.001266
PROTSC24STRer,0.000000
AUXOSC3STDH1,0.001266
PROTSC3STDH1,0.000000
AUXOSC3STDH2,0.001266
PROTSC3STDH2,0.000000
AUXOSC3STKR1,0.001266
PROTSC3STKR1,0.000000
AUXOSC3STKR2,0.001266
PROTSC3STKR2,0.000000
AUXOSC4STMO1,0.001266
PROTSC4STMO1,0.000000
AUXOSC4STMO2,0.001266
PROTSC4STMO2,0.000000
AUXOSC5STDS,0.000000
PROTSC5STDS,0.000000
AUXOSC8STI,0.000000
PROTSC8STI,0.000000
AUXOSCAT,0.000000
PROTSCAT,0.000000
AUXOSCATp,0.000000
PROTSCATp,0.000000
AUXOSCBASPtn,0.000000
PROTSCBASPtn,0.000000
AUXOSCBPS,0.077031
PROTSCBPS,0.079147
AUXOSCBPtn,0.000000
PROTSCBPtn,0.000000
AUXOSCCP2m,0.000000
PROTSCCP2m,0.000000
AUXOSCDPDGPm_SC,0.000000
PROTSCDPDGPm_SC,0.000000
AUXOSCDPtn,0.000000
PROTSCDPtn,0.000000
AUXOSCER1_24ter,0.000000
PROTSCER1_24ter,0.000000
AUXOSCER1_26ter,0.000000
PROTSCER1_26ter,0.000000
AUXOSCER2_24ter,0.000000
PROTSCER2_24ter,0.000000
AUXOSCER2_26ter,0.000000
PROTSCER2_26ter,0.000000
AUXOSCERASE124er,0.000000
PROTSCERASE124er,0.000000
AUXOSCERASE126er,0.000000
PROTSCERASE126er,0.000000
AUXOSCERASE224er,0.000000
PROTSCERASE224er,0.000000
AUXOSCERASE226er,0.000000
PROTSCERASE226er,0.000000
AUXOSCERH124,0.000000
PROTSCERH124,0.000000
AUXOSCERH126,0.000000
PROTSCERH126,0.000000
AUXOSCERS124,0.000000
PROTSCERS124,0.000000
AUXOSCERS124er,0.000000
PROTSCERS124er,0.000000
AUXOSCERS126,0.000000
PROTSCERS126,0.000000
AUXOSCERS126er,0.000000
PROTSCERS126er,0.000000
AUXOSCERS224,0.000000
PROTSCERS224,0.000000
AUXOSCERS224er,0.000000
PROTSCERS224er,0.000000
AUXOSCERS226,0.000000
PROTSCERS226,0.000000
AUXOSCERS226er,0.000000
PROTSCERS226er,0.000000
AUXOSCERS2_24,0.000000
PROTSCERS2_24,0.000000
AUXOSCERS2_26,0.000000
PROTSCERS2_26,0.000000
AUXOSCERS324,0.000000
PROTSCERS324,0.000000
AUXOSCERS326,0.000000
PROTSCERS326,0.000000
AUXOSCHLPCTD,0.000000
PROTSCHLPCTD,0.000000
AUXOSCHLSTI,0.001266
PROTSCHLSTI,0.000000
AUXOSCHLt2,0.000000
PROTSCHLt2,0.000000
AUXOSCHOLK,0.000000
PROTSCHOLK,0.000000
AUXOSCHORM,0.068357
PROTSCHORM,0.067443
AUXOSCHORS,0.077641
PROTSCHORS,0.074508
AUXOSCHRPL,0.000000
PROTSCHRPL,0.000000
AUXOSCHTNDA,0.000000
PROTSCHTNDA,0.000000
AUXOSCHTNS,0.000000
PROTSCHTNS,0.000000
AUXOSCITt2r,-0.000406
PROTSCITt2r,0.000406
AUXOSCITtam,-0.185263
PROTSCITtam,-0.193034
AUXOSCITtap,0.000000
PROTSCITtap,0.000000
AUXOSCITtbm,-0.077641
PROTSCITtbm,-0.074508
AUXOSCITtcm,-0.000326
PROTSCITtcm,0.001679
AUXOSCITtcp,0.000000
PROTSCITtcp,0.000000
AUXOSCLPNSm_SC,0.000000
PROTSCLPNSm_SC,0.000000
AUXOSCMPN,0.000000
PROTSCMPN,0.000000
AUXOSCO2t,-18.022638
PROTSCO2t,-18.016925
AUXOSCO2tg,0.000000
PROTSCO2tg,0.000000
AUXOSCO2tm,-1.496761
PROTSCO2tm,-1.490537
AUXOSCO2tn,-0.109317
PROTSCO2tn,-0.107159
AUXOSCO2tp,0.000000
PROTSCO2tp,0.000000
AUXOSCO2tv,0.000000
PROTSCO2tv,0.000000
AUXOSCOAHLp,0.000000
PROTSCOAHLp,0.000000
AUXOSCOAtim,0.005842
PROTSCOAtim,0.001759
AUXOSCOAtn,0.000000
PROTSCOAtn,0.000000
AUXOSCOUCOAFm,0.000000
PROTSCOUCOAFm,0.000000
AUXOSCPPPGO,0.000000
PROTSCPPPGO,0.000000
AUXOSCRNCARtm,0.000000
PROTSCRNCARtm,0.000000
AUXOSCRNCARtp,0.000000
PROTSCRNCARtp,0.000000
AUXOSCRNt,0.000000
PROTSCRNt,0.000000
AUXOSCRNtim,0.000000
PROTSCRNtim,0.000000
AUXOSCRNtp,0.000000
PROTSCRNtp,0.000000
AUXOSCSNATm,0.000000
PROTSCSNATm,0.000000
AUXOSCSNATp,0.000000
PROTSCSNATp,0.000000
AUXOSCSNATr,0.000000
PROTSCSNATr,0.000000
AUXOSCSND,0.000000
PROTSCSND,0.000000
AUXOSCSNt2,0.000000
PROTSCSNt2,0.000000
AUXOSCSm,0.526383
PROTSCSm,0.530451
AUXOSCSp,0.000000
PROTSCSp,0.000000
AUXOSCTPS1,0.012866
PROTSCTPS1,0.012866
AUXOSCTPS2,0.000000
PROTSCTPS2,0.000000
AUXOSCTPtm,0.000000
PROTSCTPtm,-0.000001
AUXOSCYOOm,1.983548
PROTSCYOOm,1.983499
AUXOSCYOu6m,3.967096
PROTSCYOu6m,3.966998
AUXOSCYSS,-0.000010
PROTSCYSS,0.000000
AUXOSCYSTGL,0.000000
PROTSCYSTGL,0.003810
AUXOSCYSTL,0.000000
PROTSCYSTL,0.000000
AUXOSCYSTLp,0.000000
PROTSCYSTLp,0.000000
AUXOSCYSTRS,0.000000
PROTSCYSTRS,0.000000
AUXOSCYSTS,0.000000
PROTSCYSTS,0.003810
AUXOSCYSTtp,0.000000
PROTSCYSTtp,0.000000
AUXOSCYSt2r,0.001910
PROTSCYSt2r,-0.001910
AUXOSCYTD,0.000000
PROTSCYTD,0.000000
AUXOSCYTDK2,0.000000
PROTSCYTDK2,0.000000
AUXOSCYTDt2,0.000000
PROTSCYTDt2,0.000000
AUXOSCYTK1,-0.007829
PROTSCYTK1,-0.007829
AUXOSCYTK2,0.000000
PROTSCYTK2,0.000000
AUXOSDADA,0.000000
PROTSDADA,0.000000
AUXOSDADK,-0.001036
PROTSDADK,-0.001036
AUXOSDADNt2,0.000000
PROTSDADNt2,0.000000
AUXOSDADPtn,0.000000
PROTSDADPtn,0.000000
AUXOSDAGCPT_SC,0.000000
PROTSDAGCPT_SC,0.000000
AUXOSDAGPYP_SC,0.001900
PROTSDAGPYP_SC,0.001900
AUXOSDANNt2,0.000000
PROTSDANNt2,0.000000
AUXOSDASYN_SC,0.005037
PROTSDASYN_SC,0.005038
AUXOSDASYNm_SC,0.000000
PROTSDASYNm_SC,-0.000001
AUXOSDB4PS,0.000570
PROTSDB4PS,0.000570
AUXOSDBTSr,0.000000
PROTSDBTSr,0.000000
AUXOSDCDPtn,0.000000
PROTSDCDPtn,0.000000
AUXOSDCMPDA,-0.000691
PROTSDCMPDA,-0.000691
AUXOSDCTPD,0.000000
PROTSDCTPD,0.000000
AUXOSDCYTD,0.000000
PROTSDCYTD,0.000000
AUXOSDCYTt2,0.000000
PROTSDCYTt2,0.000000
AUXOSDDPA,0.000000
PROTSDDPA,0.000000
AUXOSDDPAm,0.077641
PROTSDDPAm,0.074508
AUXOSDESAT14,0.000000
PROTSDESAT14,0.000000
AUXOSDESAT16,0.001118
PROTSDESAT16,0.000589
AUXOSDESAT18,0.002876
PROTSDESAT18,0.002758
AUXOSDESAT18_2,0.001451
PROTSDESAT18_2,0.001451
AUXOSDGDPtn,0.000000
PROTSDGDPtn,0.000000
AUXOSDGGH,0.000000
PROTSDGGH,0.000000
AUXOSDGK1,-0.000691
PROTSDGK1,-0.000691
AUXOSDGSNt2,0.000000
PROTSDGSNt2,0.000000
AUXOSDHAD1m,0.161002
PROTSDHAD1m,0.161945
AUXOSDHAD2m,0.056298
PROTSDHAD2m,0.054633
AUXOSDHAK,0.000000
PROTSDHAK,0.000000
AUXOSDHAPtm,0.699034
PROTSDHAPtm,0.700038
AUXOSDHFRi,0.002073
PROTSDHFRi,0.000000
AUXOSDHFRim,0.000000
PROTSDHFRim,0.000000
AUXOSDHFS,0.000000
PROTSDHFS,0.000000
AUXOSDHFtm,0.000000
PROTSDHFtm,0.000000
AUXOSDHNPAm,0.000000
PROTSDHNPAm,0.000000
AUXOSDHNPTtm,0.000000
PROTSDHNPTtm,0.000000
AUXOSDHORD4i,0.000000
PROTSDHORD4i,0.000000
AUXOSDHORDfum,0.032870
PROTSDHORDfum,0.030798
AUXOSDHORDi,0.000000
PROTSDHORDi,0.000000
AUXOSDHORTS,-0.032870
PROTSDHORTS,-0.030798
AUXOSDHPSm,0.000000
PROTSDHPSm,0.000000
AUXOSDHPTtm,-0.000000
PROTSDHPTtm,-0.000000
AUXOSDHQS,0.077641
PROTSDHQS,0.074508
AUXOSDHQTi,0.077641
PROTSDHQTi,0.074508
AUXOSDIAT,0.000000
PROTSDIAT,0.000000
AUXOSDINSt2,0.000000
PROTSDINSt2,0.000000
AUXOSDIPS,0.000000
PROTSDIPS,0.000000
AUXOSDKMPPD2,0.000000
PROTSDKMPPD2,0.000000
AUXOSDMATT,0.001947
PROTSDMATT,0.000586
AUXOSDNMPPA,0.000000
PROTSDNMPPA,0.000000
AUXOSDNTPPA,0.000000
PROTSDNTPPA,0.000000
AUXOSDOLK,0.000000
PROTSDOLK,0.000000
AUXOSDOLPMMer,0.232540
PROTSDOLPMMer,0.232540
AUXOSDOLPMTcer,0.232540
PROTSDOLPMTcer,0.232540
AUXOSDOLPt2er,-0.232540
PROTSDOLPt2er,-0.232540
AUXOSDPCOAK,0.000000
PROTSDPCOAK,0.000000
AUXOSDPCOAKm,0.000000
PROTSDPCOAKm,0.000000
AUXOSDPGM,0.000000
PROTSDPGM,0.000000
AUXOSDPMVD,0.005842
PROTSDPMVD,0.001759
AUXOSDPR,0.000000
PROTSDPR,0.000000
AUXOSDPRm,0.000000
PROTSDPRm,0.000000
AUXOSDRBK,0.000000
PROTSDRBK,0.000000
AUXOSDROPPRy,0.000285
PROTSDROPPRy,0.000285
AUXOSDRTPPD,0.000285
PROTSDRTPPD,0.000285
AUXOSDTMPK,0.001036
PROTSDTMPK,-0.001036
AUXOSDTTPt,-0.001036
PROTSDTTPt,0.001036
AUXOSDUMPtn,0.000000
PROTSDUMPtn,0.000000
AUXOSDURIK1,0.000000
PROTSDURIK1,0.000000
AUXOSDURIPP,0.000000
PROTSDURIPP,0.000000
AUXOSDURIt2,0.000000
PROTSDURIt2,0.000000
AUXOSDUTPDP,0.000000
PROTSDUTPDP,0.000000
AUXOSDXHPScm,0.000000
PROTSDXHPScm,0.000000
AUXOSD_LACDcm,0.000000
PROTSD_LACDcm,0.000000
AUXOSD_LACDm,0.000000
PROTSD_LACDm,0.000000
AUXOSD_LACt2,0.000000
PROTSD_LACt2,0.000000
AUXOSD_LACt2m,-0.362882
PROTSD_LACt2m,-0.361066
AUXOSD_LACtm,0.362882
PROTSD_LACtm,0.361066
AUXOSE4HGLUtm,0.000000
PROTSE4HGLUtm,0.000000
AUXOSE4HGLUtp,0.000000
PROTSE4HGLUtp,0.000000
AUXOSE4Ptm,0.077641
PROTSE4Ptm,0.074508
AUXOSECOAH11p,-0.000010
PROTSECOAH11p,0.000000
AUXOSECOAH4p,0.000000
PROTSECOAH4p,0.000000
AUXOSECOAH5p,0.000000
PROTSECOAH5p,0.000000
AUXOSECOAH6p,-0.000062
PROTSECOAH6p,0.000000
AUXOSECOAH7p,0.000010
PROTSECOAH7p,0.000000
AUXOSECOAH8p,0.000010
PROTSECOAH8p,0.000000
AUXOSEHGLAT,0.000000
PROTSEHGLAT,0.000000
AUXOSEHGLATm,0.000000
PROTSEHGLATm,0.000000
AUXOSEHGLATp,0.000000
PROTSEHGLATp,0.000000
AUXOSENO,17.875085
PROTSENO,17.873192
AUXOSEPGALURSe,0.000000
PROTSEPGALURSe,0.000000
AUXOSEPISTAT_SC,0.000000
PROTSEPISTAT_SC,0.000000
AUXOSEPISTESTH_SC,0.000000
PROTSEPISTESTH_SC,0.000000
AUXOSEPISTESTH_SCe,0.000000
PROTSEPISTESTH_SCe,0.000000
AUXOSEPISTt,0.000000
PROTSEPISTt,0.000000
AUXOSEPMGH,0.000000
PROTSEPMGH,0.000000
AUXOSERGSTAT_SC,0.000000
PROTSERGSTAT_SC,0.000000
AUXOSERGSTESTH_SC,0.000000
PROTSERGSTESTH_SC,0.000000
AUXOSERGSTESTH_SCe,0.000000
PROTSERGSTESTH_SCe,0.000000
AUXOSERGSTGLCT,0.000000
PROTSERGSTGLCT,0.000000
AUXOSERGSTt,-0.000633
PROTSERGSTt,0.000633
AUXOSERGSTter,0.000835
PROTSERGSTter,-0.000432
AUXOSERGTETROLter,0.001266
PROTSERGTETROLter,0.000000
AUXOSETHAK,0.000000
PROTSETHAK,0.000000
AUXOSETHAPT_SC,0.000000
PROTSETHAPT_SC,0.000000
AUXOSETHAt,0.000000
PROTSETHAt,0.000000
AUXOSETOHt,-15.814390
PROTSETOHt,-15.814002
AUXOSETOHtm,-1.340430
PROTSETOHtm,-1.340098
AUXOSFA100tp,0.000000
PROTSFA100tp,0.000000
AUXOSFA120ACPH,0.000000
PROTSFA120ACPH,0.000000
AUXOSFA120ACPtm,0.000000
PROTSFA120ACPtm,0.000000
AUXOSFA120tp,-0.000062
PROTSFA120tp,0.000000
AUXOSFA140ACPH,0.000000
PROTSFA140ACPH,0.000000
AUXOSFA140ACPtm,0.000000
PROTSFA140ACPtm,0.000000
AUXOSFA140COAabcp,0.000000
PROTSFA140COAabcp,0.000000
AUXOSFA140tp,0.000072
PROTSFA140tp,0.000000
AUXOSFA141ACPH,0.000000
PROTSFA141ACPH,0.000000
AUXOSFA141ACPtm,0.000000
PROTSFA141ACPtm,0.000000
AUXOSFA141COAabcp,0.000000
PROTSFA141COAabcp,0.000000
AUXOSFA141tp,0.000000
PROTSFA141tp,0.000000
AUXOSFA160ACPH,0.000000
PROTSFA160ACPH,0.000000
AUXOSFA160ACPtm,0.000000
PROTSFA160ACPtm,0.000000
AUXOSFA160COAabcp,0.000000
PROTSFA160COAabcp,0.000000
AUXOSFA160tp,0.000000
PROTSFA160tp,0.000000
AUXOSFA161ACPH,0.000000
PROTSFA161ACPH,0.000000
AUXOSFA161ACPtm,0.000000
PROTSFA161ACPtm,0.000000
AUXOSFA161COAabcp,0.000000
PROTSFA161COAabcp,0.000000
AUXOSFA161tp,0.000000
PROTSFA161tp,0.000000
AUXOSFA180ACPH,0.000000
PROTSFA180ACPH,0.000000
AUXOSFA180ACPtm,0.000000
PROTSFA180ACPtm,0.000000
AUXOSFA180COAabcp,0.000000
PROTSFA180COAabcp,-0.000000
AUXOSFA181ACPH,0.000000
PROTSFA181ACPH,0.000000
AUXOSFA181ACPtm,0.000000
PROTSFA181ACPtm,0.000000
AUXOSFA181COAabcp,0.000000
PROTSFA181COAabcp,0.000000
AUXOSFA182ACPH,0.000000
PROTSFA182ACPH,0.000000
AUXOSFA182ACPtm,0.000000
PROTSFA182ACPtm,0.000000
AUXOSFA182COAabcp,0.000000
PROTSFA182COAabcp,0.000000
AUXOSFA240tp,0.000000
PROTSFA240tp,0.000000
AUXOSFA260tp,-0.000010
PROTSFA260tp,0.000000
AUXOSFA80tp,0.000000
PROTSFA80tp,0.000000
AUXOSFACOAL100p,0.000000
PROTSFACOAL100p,0.000000
AUXOSFACOAL120p,-0.000062
PROTSFACOAL120p,0.000000
AUXOSFACOAL140,-0.006674
PROTSFACOAL140,-0.003624
AUXOSFACOAL140p,0.000072
PROTSFACOAL140p,0.000000
AUXOSFACOAL141,0.000000
PROTSFACOAL141,0.000000
AUXOSFACOAL141p,0.000000
PROTSFACOAL141p,0.000000
AUXOSFACOAL160,-0.000659
PROTSFACOAL160,-0.000015
AUXOSFACOAL160p,0.000000
PROTSFACOAL160p,0.000000
AUXOSFACOAL161,0.001622
PROTSFACOAL161,0.002151
AUXOSFACOAL161p,0.000000
PROTSFACOAL161p,0.000000
AUXOSFACOAL180,0.001011
PROTSFACOAL180,0.001183
AUXOSFACOAL181,0.002444
PROTSFACOAL181,0.002561
AUXOSFACOAL182,0.000000
PROTSFACOAL182,0.000000
AUXOSFACOAL240p,0.000000
PROTSFACOAL240p,0.000000
AUXOSFACOAL260p,-0.000010
PROTSFACOAL260p,0.000000
AUXOSFACOAL80p,0.000000
PROTSFACOAL80p,0.000000
AUXOSFADFMNtm,0.000000
PROTSFADFMNtm,0.000000
AUXOSFALDH,0.000000
PROTSFALDH,0.000000
AUXOSFAO141p_even,0.000000
PROTSFAO141p_even,0.000000
AUXOSFAO141p_odd,0.000000
PROTSFAO141p_odd,0.000000
AUXOSFAO161p_even,0.000000
PROTSFAO161p_even,0.000000
AUXOSFAO161p_odd,0.000000
PROTSFAO161p_odd,0.000000
AUXOSFAO181p_even,0.000000
PROTSFAO181p_even,0.000000
AUXOSFAO181p_odd,0.000000
PROTSFAO181p_odd,0.000000
AUXOSFAO182p_eveneven,0.000000
PROTSFAO182p_eveneven,0.000000
AUXOSFAO182p_evenodd,0.000000
PROTSFAO182p_evenodd,0.000000
AUXOSFAO182p_oddodd,0.000000
PROTSFAO182p_oddodd,0.000000
AUXOSFAO240p,-0.000010
PROTSFAO240p,0.000000
AUXOSFAO80p,0.000000
PROTSFAO80p,-0.000000
AUXOSFAS100,0.000000
PROTSFAS100,0.000000
AUXOSFAS100ACPm,0.000000
PROTSFAS100ACPm,0.000000
AUXOSFAS100COA,0.018375
PROTSFAS100COA,0.013862
AUXOSFAS120,0.000000
PROTSFAS120,0.000000
AUXOSFAS120ACPm,0.000000
PROTSFAS120ACPm,0.000000
AUXOSFAS120COA,0.018052
PROTSFAS120COA,0.013540
AUXOSFAS140,0.000062
PROTSFAS140,0.000000
AUXOSFAS140ACPm,0.000000
PROTSFAS140ACPm,0.000000
AUXOSFAS140COA,0.017085
PROTSFAS140COA,0.012573
AUXOSFAS141,0.000000
PROTSFAS141,0.000000
AUXOSFAS141ACPm,0.000000
PROTSFAS141ACPm,0.000000
AUXOSFAS160,0.002785
PROTSFAS160,0.003729
AUXOSFAS160ACPm,0.000000
PROTSFAS160ACPm,0.000000
AUXOSFAS160COA,0.008800
PROTSFAS160COA,0.007337
AUXOSFAS161,0.001622
PROTSFAS161,0.002151
AUXOSFAS161ACPm,0.000000
PROTSFAS161ACPm,0.000000
AUXOSFAS180,0.001001
PROTSFAS180,0.001183
AUXOSFAS180ACPm,0.000000
PROTSFAS180ACPm,0.000000
AUXOSFAS180COA,0.002671
PROTSFAS180COA,0.002381
AUXOSFAS181,0.002444
PROTSFAS181,0.002561
AUXOSFAS181ACPm,0.000000
PROTSFAS181ACPm,0.000000
AUXOSFAS182ACPm,0.000000
PROTSFAS182ACPm,0.000000
AUXOSFAS240_L,-0.000010
PROTSFAS240_L,0.000000
AUXOSFAS260,-0.000010
PROTSFAS260,0.000000
AUXOSFAS80ACPm_L,0.000000
PROTSFAS80ACPm_L,0.000000
AUXOSFAS80COA_L,0.018375
PROTSFAS80COA_L,0.013862
AUXOSFAS80_L,0.000000
PROTSFAS80_L,0.000000
AUXOSFBA,5.303422
PROTSFBA,5.301489
AUXOSFBA2,0.000000
PROTSFBA2,0.000000
AUXOSFBA3,3.622483
PROTSFBA3,3.622962
AUXOSFBP,0.000000
PROTSFBP,0.000000
AUXOSFBP26,0.000000
PROTSFBP26,0.000000
AUXOSFCLTm,0.000000
PROTSFCLTm,0.000000
AUXOSFDH,0.000000
PROTSFDH,0.000000
AUXOSFDNG,0.000000
PROTSFDNG,0.000000
AUXOSFE2t,0.000000
PROTSFE2t,0.000000
AUXOSFE2utm,0.000000
PROTSFE2utm,0.000000
AUXOSFECOSTAT_SC,0.000000
PROTSFECOSTAT_SC,0.000000
AUXOSFECOSTESTH_SC,0.000000
PROTSFECOSTESTH_SC,0.000000
AUXOSFECOSTESTH_SCe,0.000000
PROTSFECOSTESTH_SCe,0.000000
AUXOSFECOSTt,0.000000
PROTSFECOSTt,0.000000
AUXOSFEtm,-0.000000
PROTSFEtm,-0.000000
AUXOSFKYNH,0.000000
PROTSFKYNH,0.000000
AUXOSFMETTRSm,0.000000
PROTSFMETTRSm,0.000000
AUXOSFMNAT,0.000000
PROTSFMNAT,0.000000
AUXOSFMNATm,0.000000
PROTSFMNATm,0.000000
AUXOSFMNRx,0.000000
PROTSFMNRx,0.000000
AUXOSFMNRx2,0.000000
PROTSFMNRx2,0.000000
AUXOSFOLD3m,0.000000
PROTSFOLD3m,0.000000
AUXOSFORt,-0.002122
PROTSFORt,-0.000856
AUXOSFORtm,0.000000
PROTSFORtm,0.000000
AUXOSFRDPtm,0.000000
PROTSFRDPtm,0.000000
AUXOSFRDcm,1.078650
PROTSFRDcm,1.081998
AUXOSFRDm,0.000000
PROTSFRDm,0.000000
AUXOSFRTT,0.000000
PROTSFRTT,0.000000
AUXOSFRUK,0.000000
PROTSFRUK,0.000000
AUXOSFRUt2,0.000000
PROTSFRUt2,0.000000
AUXOSFTHFCL,0.000000
PROTSFTHFCL,0.000000
AUXOSFTHFCLm,0.000000
PROTSFTHFCLm,0.000000
AUXOSFTHFI,0.000000
PROTSFTHFI,0.000000
AUXOSFTHFLi,0.000000
PROTSFTHFLi,0.000000
AUXOSFTHFLmi,0.000000
PROTSFTHFLmi,0.000000
AUXOSFUM,-1.006628
PROTSFUM,-1.001471
AUXOSFUMAC,0.000000
PROTSFUMAC,0.000000
AUXOSFUMm,1.347406
PROTSFUMm,1.347252
AUXOSFUMt2r,-0.001305
PROTSFUMt2r,0.001305
AUXOSG12MT1g,0.000000
PROTSG12MT1g,0.000000
AUXOSG12MT2g,0.000000
PROTSG12MT2g,0.000000
AUXOSG13MTg,0.000000
PROTSG13MTg,0.000000
AUXOSG16MTg,0.000000
PROTSG16MTg,0.000000
AUXOSG3PCt,0.000000
PROTSG3PCt,0.000000
AUXOSG3PD1ir,0.706144
PROTSG3PD1ir,0.707148
AUXOSG3PD1irm,0.000000
PROTSG3PD1irm,0.000000
AUXOSG3PDm,0.699034
PROTSG3PDm,0.700038
AUXOSG3PIt,0.000000
PROTSG3PIt,0.000000
AUXOSG3PT,0.000000
PROTSG3PT,0.000000
AUXOSG5SADr,0.051214
PROTSG5SADr,0.043598
AUXOSG5SADrm,0.000000
PROTSG5SADrm,0.000000
AUXOSG5SD,0.000000
PROTSG5SD,0.000000
AUXOSG5SD2,0.051214
PROTSG5SD2,0.043598
AUXOSG6PDA,0.000000
PROTSG6PDA,0.000000
AUXOSG6PDH2,0.792866
PROTSG6PDH2,0.808302
AUXOSG6PDH2er,0.002240
PROTSG6PDH2er,0.000293
AUXOSG6PI,-0.321494
PROTSG6PI,-0.324866
AUXOSG6PI3,4.518185
PROTSG6PI3,4.512275
AUXOSG6Pter,0.002240
PROTSG6Pter,0.000293
AUXOSGALIGH,0.000000
PROTSGALIGH,0.000000
AUXOSGALK,0.000000
PROTSGALK,0.000000
AUXOSGALS3,0.000000
PROTSGALS3,0.000000
AUXOSGALT,0.160869
PROTSGALT,0.160869
AUXOSGALU,0.321739
PROTSGALU,0.321739
AUXOSGALt2,0.000000
PROTSGALt2,0.000000
AUXOSGAM6Pt,0.000000
PROTSGAM6Pt,-0.000000
AUXOSGAPD,18.036950
PROTSGAPD,18.040257
AUXOSGARFTi,0.028047
PROTSGARFTi,0.028940
AUXOSGAT1_SC,0.007109
PROTSGAT1_SC,0.007109
AUXOSGAT2_SC,0.000000
PROTSGAT2_SC,0.000000
AUXOSGBEZ,0.049747
PROTSGBEZ,0.049747
AUXOSGCALDt,-0.000001
PROTSGCALDt,-0.000000
AUXOSGCALDtm,-0.000000
PROTSGCALDtm,-0.000000
AUXOSGCC2am,0.000000
PROTSGCC2am,0.000000
AUXOSGCC2bim,0.000000
PROTSGCC2bim,0.000000
AUXOSGCC2cm,0.109502
PROTSGCC2cm,0.111103
AUXOSGCCam,0.000000
PROTSGCCam,0.000000
AUXOSGCCbim,0.000000
PROTSGCCbim,0.000000
AUXOSGCCcm,0.000000
PROTSGCCcm,0.000000
AUXOSGDPMANNtg,0.000000
PROTSGDPMANNtg,0.000000
AUXOSGDPt3g,0.000000
PROTSGDPt3g,0.000000
AUXOSGDPtn,0.000000
PROTSGDPtn,0.000000
AUXOSGF6PTA,0.000000
PROTSGF6PTA,0.000001
AUXOSGGLGH,0.000000
PROTSGGLGH,0.000000
AUXOSGGTT,0.000000
PROTSGGTT,0.000000
AUXOSGHMT2r,0.084783
PROTSGHMT2r,0.110246
AUXOSGHMT2rm,0.000000
PROTSGHMT2rm,0.000000
AUXOSGK1,0.000481
PROTSGK1,0.000481
AUXOSGK2,0.000496
PROTSGK2,0.000496
AUXOSGLCGSD,0.000000
PROTSGLCGSD,0.000000
AUXOSGLCGSDv,0.000000
PROTSGLCGSDv,0.000000
AUXOSGLCNtv,0.000000
PROTSGLCNtv,0.000000
AUXOSGLCP,0.000000
PROTSGLCP,0.000000
AUXOSGLCS2,0.099494
PROTSGLCS2,0.099494
AUXOSGLCt1,10.000852
PROTSGLCt1,9.999148
AUXOSGLCtv,0.000000
PROTSGLCtv,0.000000
AUXOSGLNS,0.234145
PROTSGLNS,0.238178
AUXOSGLNTRS,0.000000
PROTSGLNTRS,0.000000
AUXOSGLNt2n,0.000000
PROTSGLNt2n,0.000000
AUXOSGLNt2r,0.002826
PROTSGLNt2r,-0.002826
AUXOSGLNt6,0.000000
PROTSGLNt6,0.000000
AUXOSGLNt7,0.000000
PROTSGLNt7,0.000000
AUXOSGLPT,0.000000
PROTSGLPT,0.000000
AUXOSGLU5K,0.051214
PROTSGLU5K,0.043598
AUXOSGLUCYS,0.000000
PROTSGLUCYS,0.000000
AUXOSGLUDC,0.000000
PROTSGLUDC,0.000000
AUXOSGLUDxi,0.000000
PROTSGLUDxi,0.000000
AUXOSGLUDyi,1.427772
PROTSGLUDyi,1.405996
AUXOSGLUK,4.839679
PROTSGLUK,4.837141
AUXOSGLUN,0.000000
PROTSGLUN,0.000000
AUXOSGLUPRT,0.028047
PROTSGLUPRT,0.028940
AUXOSGLUSx,0.000000
PROTSGLUSx,0.000000
AUXOSGLUTRS,0.000000
PROTSGLUTRS,0.000000
AUXOSGLUTRSm,0.000000
PROTSGLUTRSm,0.000000
AUXOSGLUt2n,0.000000
PROTSGLUt2n,0.000000
AUXOSGLUt2r,0.001932
PROTSGLUt2r,-0.001932
AUXOSGLUt5m,0.000000
PROTSGLUt5m,0.000000
AUXOSGLUt7,0.000000
PROTSGLUt7,0.000000
AUXOSGLUt7m,0.085314
PROTSGLUt7m,0.086772
AUXOSGLXt,-0.001662
PROTSGLXt,0.001662
AUXOSGLXtp,0.000000
PROTSGLXtp,0.000000
AUXOSGLYATi,0.000000
PROTSGLYATi,0.000000
AUXOSGLYC3Ptm,0.699034
PROTSGLYC3Ptm,0.700038
AUXOSGLYCDy,0.000000
PROTSGLYCDy,0.000000
AUXOSGLYCLm,0.000000
PROTSGLYCLm,0.000000
AUXOSGLYCt,0.000000
PROTSGLYCt,0.000000
AUXOSGLYCt2,0.000000
PROTSGLYCt2,0.000000
AUXOSGLYGS,0.049747
PROTSGLYGS,0.049747
AUXOSGLYK,0.000000
PROTSGLYK,0.000000
AUXOSGLYOX,0.000000
PROTSGLYOX,0.000000
AUXOSGLYOXm,0.000000
PROTSGLYOXm,0.000000
AUXOSGLYTRS,0.000000
PROTSGLYTRS,0.000000
AUXOSGLYt2m,0.000002
PROTSGLYt2m,0.000002
AUXOSGLYt2r,0.007570
PROTSGLYt2r,-0.007570
AUXOSGMPS2,0.014217
PROTSGMPS2,0.014217
AUXOSGND,0.795106
PROTSGND,0.808595
AUXOSGNNUC,0.000000
PROTSGNNUC,0.000000
AUXOSGPDDA1,0.000000
PROTSGPDDA1,0.000000
AUXOSGRTT,0.001947
PROTSGRTT,0.000586
AUXOSGSNK,0.000000
PROTSGSNK,0.000000
AUXOSGSNt2,0.000000
PROTSGSNt2,0.000000
AUXOSGSNt2m,0.000000
PROTSGSNt2m,0.000000
AUXOSGTHO,0.000000
PROTSGTHO,0.000000
AUXOSGTHOXti,0.000000
PROTSGTHOXti,0.000000
AUXOSGTHOm,0.000000
PROTSGTHOm,0.000000
AUXOSGTHP,0.000000
PROTSGTHP,0.000000
AUXOSGTHPm,0.000000
PROTSGTHPm,0.000000
AUXOSGTHRDabcv,0.000000
PROTSGTHRDabcv,0.000000
AUXOSGTHRDt2,0.000000
PROTSGTHRDt2,0.000000
AUXOSGTHS,0.000000
PROTSGTHS,0.000000
AUXOSGTMLT,0.000000
PROTSGTMLT,0.000000
AUXOSGTPCI,0.000000
PROTSGTPCI,0.000000
AUXOSGTPCII,0.000285
PROTSGTPCII,0.000285
AUXOSGTPH1,0.000000
PROTSGTPH1,0.000000
AUXOSGTPt2m,0.000000
PROTSGTPt2m,0.000000
AUXOSGUAD,0.000000
PROTSGUAD,0.000000
AUXOSGUAPRT,0.000000
PROTSGUAPRT,0.000000
AUXOSGUAt2r,0.000000
PROTSGUAt2r,0.000000
AUXOSGUAtm,0.000000
PROTSGUAtm,0.000000
AUXOSH2O2tn,0.000000
PROTSH2O2tn,0.000000
AUXOSH2Ot,-5.634529
PROTSH2Ot,-5.646458
AUXOSH2Oter,-0.000974
PROTSH2Oter,-0.000293
AUXOSH2Otm,-6.341959
PROTSH2Otm,-6.340385
AUXOSH2Otn,-0.109317
PROTSH2Otn,-0.107159
AUXOSH2Otp,0.000000
PROTSH2Otp,-0.000000
AUXOSH2Otv,0.000000
PROTSH2Otv,0.000000
AUXOSHACD10p,-0.000010
PROTSHACD10p,0.000000
AUXOSHACD4p,0.000000
PROTSHACD4p,0.000000
AUXOSHACD5p,0.000000
PROTSHACD5p,0.000000
AUXOSHACD6p,-0.000062
PROTSHACD6p,0.000000
AUXOSHACD7p,0.000010
PROTSHACD7p,0.000000
AUXOSHACD8p,0.000010
PROTSHACD8p,0.000000
AUXOSHACNHm,0.083610
PROTSHACNHm,0.081145
AUXOSHBZOPT6m,0.000000
PROTSHBZOPT6m,0.000000
AUXOSHCITSm,0.083610
PROTSHCITSm,0.081145
AUXOSHCITSn,0.000000
PROTSHCITSn,0.000000
AUXOSHCO3E,0.655901
PROTSHCO3E,0.642951
AUXOSHCO3Em,0.000000
PROTSHCO3Em,0.000000
AUXOSHCO3En,0.109317
PROTSHCO3En,0.107159
AUXOSHCO3tn,-0.109317
PROTSHCO3tn,-0.107159
AUXOSHCYSMT,0.000000
PROTSHCYSMT,0.000000
AUXOSHCYSt2p,0.000000
PROTSHCYSt2p,-0.000000
AUXOSHDCAt,0.000000
PROTSHDCAt,0.000000
AUXOSHDCEAt,0.000000
PROTSHDCEAt,0.000000
AUXOSHEMEOMOm,0.000000
PROTSHEMEOMOm,0.000000
AUXOSHEMEOSm,0.000000
PROTSHEMEOSm,0.000000
AUXOSHETZK,0.000000
PROTSHETZK,0.000000
AUXOSHEX1,5.161173
PROTSHEX1,5.162007
AUXOSHEX4,0.000000
PROTSHEX4,0.000000
AUXOSHEX7,0.000000
PROTSHEX7,0.000000
AUXOSHEXCCOAtx,0.000000
PROTSHEXCCOAtx,0.000000
AUXOSHEXDPtm,0.000000
PROTSHEXDPtm,0.000000
AUXOSHGNTOR,0.000000
PROTSHGNTOR,0.000000
AUXOSHICITDm,0.083610
PROTSHICITDm,0.081145
AUXOSHISTD,0.020159
PROTSHISTD,0.018008
AUXOSHISTP,0.020159
PROTSHISTP,0.018008
AUXOSHISTRS,0.000000
PROTSHISTRS,0.000000
AUXOSHISTRSm,0.000000
PROTSHISTRSm,0.000000
AUXOSHISt2m,0.000000
PROTSHISt2m,0.000000
AUXOSHISt2r,-0.001076
PROTSHISt2r,0.001076
AUXOSHISt6,0.000000
PROTSHISt6,0.000000
AUXOSHKYNH,0.000000
PROTSHKYNH,0.000000
AUXOSHMBS,0.000000
PROTSHMBS,0.000000
AUXOSHMGCOAR,-0.005842
PROTSHMGCOAR,-0.001759
AUXOSHMGCOAS,0.000000
PROTSHMGCOAS,0.000000
AUXOSHMGCOASm,-0.005842
PROTSHMGCOASm,-0.001759
AUXOSHMGCOAtm,-0.005842
PROTSHMGCOAtm,-0.001759
AUXOSHMPK1,0.000000
PROTSHMPK1,0.000000
AUXOSHPPKm,0.000000
PROTSHPPKm,0.000000
AUXOSHPROa,0.000000
PROTSHPROa,0.000000
AUXOSHPROb,0.000000
PROTSHPROb,0.000000
AUXOSHPROxm,0.000000
PROTSHPROxm,0.000000
AUXOSHPROym,0.000000
PROTSHPROym,0.000000
AUXOSHSDxi,0.120309
PROTSHSDxi,0.129990
AUXOSHSDyi,0.000000
PROTSHSDyi,0.000000
AUXOSHSERTA,0.000010
PROTSHSERTA,0.032986
AUXOSHSK,0.120299
PROTSHSK,0.097004
AUXOSHSTPT,0.020159
PROTSHSTPT,0.018008
AUXOSHXANt2r,0.000000
PROTSHXANt2r,0.000000
AUXOSHXPRT,0.000000
PROTSHXPRT,0.000000
AUXOSHYPOE,0.000000
PROTSHYPOE,0.000000
AUXOSIAMACt,0.000000
PROTSIAMACt,0.000000
AUXOSIAMOHt,0.000000
PROTSIAMOHt,0.000000
AUXOSIAMOHtm,0.000000
PROTSIAMOHtm,0.000000
AUXOSIBUTACt,0.000000
PROTSIBUTACt,0.000000
AUXOSIBUTOHt,0.000000
PROTSIBUTOHt,0.000000
AUXOSIBUTOHtm,0.000000
PROTSIBUTOHtm,0.000000
AUXOSICDHxm,0.000000
PROTSICDHxm,0.000000
AUXOSICDHy,0.244878
PROTSICDHy,0.256432
AUXOSICDHym,0.263478
PROTSICDHym,0.262909
AUXOSICDHyp,0.000000
PROTSICDHyp,0.000000
AUXOSICL,0.017621
PROTSICL,0.011516
AUXOSID3ACALDt,-0.000726
PROTSID3ACALDt,0.000726
AUXOSID3ACALDtm,0.000000
PROTSID3ACALDtm,0.000000
AUXOSIG3PS,0.020159
PROTSIG3PS,0.018008
AUXOSIGPDH,0.020159
PROTSIGPDH,0.018008
AUXOSIGPS,0.009285
PROTSIGPS,0.007064
AUXOSILETA,-0.057459
PROTSILETA,-0.053471
AUXOSILETAm,0.000000
PROTSILETAm,0.000000
AUXOSILETRS,0.000000
PROTSILETRS,0.000000
AUXOSILETRSm,0.000000
PROTSILETRSm,0.000000
AUXOSILEt2r,-0.001994
PROTSILEt2r,0.001994
AUXOSILEt6,0.000000
PROTSILEt6,0.000000
AUXOSILEt7,0.000000
PROTSILEt7,0.000000
AUXOSILEtmi,0.000000
PROTSILEtmi,0.000000
AUXOSIMPC,-0.048206
PROTSIMPC,-0.046948
AUXOSIMPD,0.014217
PROTSIMPD,0.014217
AUXOSIND3ACtm,0.000000
PROTSIND3ACtm,0.000000
AUXOSIND3ETHt,0.000000
PROTSIND3ETHt,0.000000
AUXOSIND3ETHtm,0.000000
PROTSIND3ETHtm,0.000000
AUXOSINDPYRD,-0.000726
PROTSINDPYRD,0.000726
AUXOSINSK,0.000000
PROTSINSK,0.000000
AUXOSINSTt2,0.000000
PROTSINSTt2,0.000000
AUXOSINSt2,0.000000
PROTSINSt2,0.000000
AUXOSIPC124PLC_SC,0.000000
PROTSIPC124PLC_SC,0.000000
AUXOSIPC126PLC_SC,0.000000
PROTSIPC126PLC_SC,0.000000
AUXOSIPC224PLC_SC,0.000000
PROTSIPC224PLC_SC,0.000000
AUXOSIPC226PLC_SC,0.000000
PROTSIPC226PLC_SC,0.000000
AUXOSIPC324PLC_SC,0.000000
PROTSIPC324PLC_SC,0.000000
AUXOSIPC326PLC_SC,0.000000
PROTSIPC326PLC_SC,0.000000
AUXOSIPCS124_SC,0.000000
PROTSIPCS124_SC,0.000000
AUXOSIPCS126_SC,0.000000
PROTSIPCS126_SC,0.000000
AUXOSIPCS224_SC,0.000000
PROTSIPCS224_SC,0.000000
AUXOSIPCS226_SC,0.000000
PROTSIPCS226_SC,0.000000
AUXOSIPCS324_SC,0.000000
PROTSIPCS324_SC,0.000000
AUXOSIPCS326_SC,0.000000
PROTSIPCS326_SC,0.000000
AUXOSIPDDI,0.001947
PROTSIPDDI,0.000586
AUXOSIPDPtm,0.000000
PROTSIPDPtm,0.000000
AUXOSIPMD,0.086463
PROTSIPMD,0.084164
AUXOSIPPMIa,-0.086463
PROTSIPPMIa,-0.084164
AUXOSIPPMIb,-0.086463
PROTSIPPMIb,-0.084164
AUXOSIPPS,0.000000
PROTSIPPS,0.000000
AUXOSIPPSm,0.082826
PROTSIPPSm,0.087801
AUXOSITCOALm,0.000000
PROTSITCOALm,0.000000
AUXOSKARA1im,0.161002
PROTSKARA1im,0.161945
AUXOSKARA2im,0.056298
PROTSKARA2im,0.054633
AUXOSKYN,0.000000
PROTSKYN,0.000000
AUXOSKYN3OX,0.000000
PROTSKYN3OX,0.000000
AUXOSKt2r,0.000000
PROTSKt2r,0.000000
AUXOSLALDO3,0.000000
PROTSLALDO3,0.000000
AUXOSLANOSTAT_SC,0.000000
PROTSLANOSTAT_SC,0.000000
AUXOSLANOSTESTH_SC,0.000000
PROTSLANOSTESTH_SC,0.000000
AUXOSLANOSTESTH_SCe,0.000000
PROTSLANOSTESTH_SCe,0.000000
AUXOSLANOSTt,0.000293
PROTSLANOSTt,-0.000293
AUXOSLCADi,0.000000
PROTSLCADi,0.000000
AUXOSLCYSTintv,0.000000
PROTSLCYSTintv,0.000000
AUXOSLEUTA,-0.086463
PROTSLEUTA,-0.084164
AUXOSLEUTAm,0.000000
PROTSLEUTAm,0.000000
AUXOSLEUTRS,0.000000
PROTSLEUTRS,0.000000
AUXOSLEUTRSm,0.000000
PROTSLEUTRSm,0.000000
AUXOSLEUt2r,-0.001150
PROTSLEUt2r,0.001150
AUXOSLEUt6,0.000000
PROTSLEUt6,0.000000
AUXOSLEUt7,0.000000
PROTSLEUt7,0.000000
AUXOSLGTHL,0.000000
PROTSLGTHL,0.000000
AUXOSLNS14DM,0.000000
PROTSLNS14DM,0.000000
AUXOSLNS14DMx,0.001266
PROTSLNS14DMx,0.000000
AUXOSLNSTLS,0.000974
PROTSLNSTLS,0.000293
AUXOSLPCAT_SC,0.000950
PROTSLPCAT_SC,0.000950
AUXOSLPP_SC,0.000000
PROTSLPP_SC,0.000000
AUXOSLSERDHr,0.000000
PROTSLSERDHr,0.000000
AUXOSLYSTRS,0.000000
PROTSLYSTRS,0.000000
AUXOSLYSTRSm,0.000000
PROTSLYSTRSm,0.000000
AUXOSLYSt2m,0.000000
PROTSLYSt2m,0.000000
AUXOSLYSt2r,-0.001232
PROTSLYSt2r,0.001232
AUXOSLYSt6,0.000000
PROTSLYSt6,0.000000
AUXOSL_LACD2cm,0.000000
PROTSL_LACD2cm,0.000000
AUXOSL_LACt2r,0.000000
PROTSL_LACt2r,0.000000
AUXOSL_LACtm,0.000000
PROTSL_LACtm,0.000000
AUXOSMACACI,0.000000
PROTSMACACI,0.000000
AUXOSMALOAAtp,0.000000
PROTSMALOAAtp,0.000000
AUXOSMALS,0.000000
PROTSMALS,0.000000
AUXOSMALSp,0.000000
PROTSMALSp,0.000000
AUXOSMALT,0.000000
PROTSMALT,0.000000
AUXOSMALTt2,0.000000
PROTSMALTt2,0.000000
AUXOSMALt2r,0.002080
PROTSMALt2r,-0.002080
AUXOSMALtm,-1.205197
PROTSMALtm,-1.208213
AUXOSMAN1PT,0.232540
PROTSMAN1PT,0.232540
AUXOSMAN6PI,-0.232540
PROTSMAN6PI,-0.232540
AUXOSMANNANter,-0.232540
PROTSMANNANter,-0.232540
AUXOSMANt2,0.000000
PROTSMANt2,0.000000
AUXOSMCITDm,0.083610
PROTSMCITDm,0.081145
AUXOSMCITL2m,0.000000
PROTSMCITL2m,0.000000
AUXOSMCITSm,0.000000
PROTSMCITSm,0.000000
AUXOSMCOATA,0.000000
PROTSMCOATA,0.000000
AUXOSMCOATAm,0.000000
PROTSMCOATAm,0.000000
AUXOSMDH,0.014377
PROTSMDH,0.012637
AUXOSMDHm,0.327472
PROTSMDHm,0.332073
AUXOSMDHp,0.000000
PROTSMDHp,0.000000
AUXOSMDRPD,0.000000
PROTSMDRPD,0.000000
AUXOSME1m,0.000000
PROTSME1m,0.000000
AUXOSME2m,0.000000
PROTSME2m,0.000000
AUXOSMELIBt2,0.000000
PROTSMELIBt2,0.000000
AUXOSMELTGH,0.000000
PROTSMELTGH,0.000000
AUXOSMETAT,0.006447
PROTSMETAT,0.005182
AUXOSMETB1,0.000000
PROTSMETB1,0.000000
AUXOSMETS,0.006457
PROTSMETS,0.034358
AUXOSMETTRS,0.000000
PROTSMETTRS,0.000000
AUXOSMETTRSm,0.000000
PROTSMETTRSm,0.000000
AUXOSMETt2m,0.000000
PROTSMETt2m,0.000000
AUXOSMETt2r,0.014583
PROTSMETt2r,-0.014583
AUXOSMEVK1,0.001285
PROTSMEVK1,0.000000
AUXOSMEVK2,0.004557
PROTSMEVK2,0.001759
AUXOSMEVK3,0.000000
PROTSMEVK3,0.000000
AUXOSMEVK4,0.000000
PROTSMEVK4,0.000000
AUXOSMFAPS_SC,0.001727
PROTSMFAPS_SC,0.001727
AUXOSMGSA,0.000000
PROTSMGSA,0.000000
AUXOSMHPGLUT,0.000000
PROTSMHPGLUT,0.000000
AUXOSMI13456PKn,0.000000
PROTSMI13456PKn,0.000000
AUXOSMI1345PKn,0.000000
PROTSMI1345PKn,0.000000
AUXOSMI1456PKn,0.000000
PROTSMI1456PKn,0.000000
AUXOSMI145P6Kn,0.000000
PROTSMI145P6Kn,0.000000
AUXOSMI145PKn,0.000000
PROTSMI145PKn,0.000000
AUXOSMI145Ptn,0.000000
PROTSMI145Ptn,0.000000
AUXOSMI1PP,0.001526
PROTSMI1PP,0.001526
AUXOSMI1PS,0.001526
PROTSMI1PS,0.001526
AUXOSMINOHPtn,0.000000
PROTSMINOHPtn,0.000000
AUXOSMIP2C124PLC_SC,0.000000
PROTSMIP2C124PLC_SC,0.000000
AUXOSMIP2C126PLC_SC,0.000000
PROTSMIP2C126PLC_SC,0.000000
AUXOSMIP2C224PLC_SC,0.000000
PROTSMIP2C224PLC_SC,0.000000
AUXOSMIP2C226PLC_SC,0.000000
PROTSMIP2C226PLC_SC,0.000000
AUXOSMIP2C324PLC_SC,0.000000
PROTSMIP2C324PLC_SC,0.000000
AUXOSMIP2C326PLC_SC,0.000000
PROTSMIP2C326PLC_SC,0.000000
AUXOSMIP2CS124_SC,0.000000
PROTSMIP2CS124_SC,0.000000
AUXOSMIP2CS126_SC,0.000000
PROTSMIP2CS126_SC,0.000000
AUXOSMIP2CS224_SC,0.000000
PROTSMIP2CS224_SC,0.000000
AUXOSMIP2CS226_SC,0.000000
PROTSMIP2CS226_SC,0.000000
AUXOSMIP2CS324_SC,0.000000
PROTSMIP2CS324_SC,0.000000
AUXOSMIP2CS326_SC,0.000000
PROTSMIP2CS326_SC,0.000000
AUXOSMIPC124PLC_SC,0.000000
PROTSMIPC124PLC_SC,0.000000
AUXOSMIPC126PLC_SC,0.000000
PROTSMIPC126PLC_SC,0.000000
AUXOSMIPC224PLC_SC,0.000000
PROTSMIPC224PLC_SC,0.000000
AUXOSMIPC226PLC_SC,0.000000
PROTSMIPC226PLC_SC,0.000000
AUXOSMIPC324PLC_SC,0.000000
PROTSMIPC324PLC_SC,0.000000
AUXOSMIPC326PLC_SC,0.000000
PROTSMIPC326PLC_SC,0.000000
AUXOSMIPCS124_SC,0.000000
PROTSMIPCS124_SC,0.000000
AUXOSMIPCS126_SC,0.000000
PROTSMIPCS126_SC,0.000000
AUXOSMIPCS224_SC,0.000000
PROTSMIPCS224_SC,0.000000
AUXOSMIPCS226_SC,0.000000
PROTSMIPCS226_SC,0.000000
AUXOSMIPCS324_SC,0.000000
PROTSMIPCS324_SC,0.000000
AUXOSMIPCS326_SC,0.000000
PROTSMIPCS326_SC,0.000000
AUXOSMMETt2,0.000000
PROTSMMETt2,0.000000
AUXOSMOHMT,0.000000
PROTSMOHMT,0.000000
AUXOSMTAP,0.000000
PROTSMTAP,0.000000
AUXOSMTHFC,0.076254
PROTSMTHFC,0.075888
AUXOSMTHFCm,0.000000
PROTSMTHFCm,0.000000
AUXOSMTHFD,0.076254
PROTSMTHFD,0.075888
AUXOSMTHFD2i,0.000000
PROTSMTHFD2i,0.000000
AUXOSMTHFDm,0.000000
PROTSMTHFDm,0.000000
AUXOSMTHFR3,0.006457
PROTSMTHFR3,0.034358
AUXOSMTRI,0.000000
PROTSMTRI,0.000000
AUXOSNABTNO,0.000000
PROTSNABTNO,0.000000
AUXOSNACt,0.000000
PROTSNACt,0.000000
AUXOSNADDPp,0.000000
PROTSNADDPp,0.000000
AUXOSNADH2_u6cm,2.999305
PROTSNADH2_u6cm,3.001706
AUXOSNADH2_u6m,0.000000
PROTSNADH2_u6m,0.000000
AUXOSNADK,0.000000
PROTSNADK,0.000000
AUXOSNADKm,0.000000
PROTSNADKm,0.000000
AUXOSNADN,0.000000
PROTSNADN,0.000000
AUXOSNADNm,0.000000
PROTSNADNm,0.000000
AUXOSNADPPPS,0.000000
PROTSNADPPPS,0.000000
AUXOSNADPPPSm,0.000000
PROTSNADPPPSm,0.000000
AUXOSNADPt,-0.000000
PROTSNADPt,-0.000000
AUXOSNADS1,0.000000
PROTSNADS1,0.000000
AUXOSNADS1n,0.000000
PROTSNADS1n,0.000000
AUXOSNADtn,0.000000
PROTSNADtn,0.000000
AUXOSNAPRT,0.000000
PROTSNAPRT,0.000000
AUXOSNAPRTm,0.000000
PROTSNAPRTm,0.000000
AUXOSNAt3_1,0.000000
PROTSNAt3_1,0.000000
AUXOSNDP1,0.000000
PROTSNDP1,0.000000
AUXOSNDP3,0.000000
PROTSNDP3,0.000000
AUXOSNDP3g,0.000000
PROTSNDP3g,0.000000
AUXOSNDP4,0.000000
PROTSNDP4,0.000000
AUXOSNDP7,0.000000
PROTSNDP7,0.000000
AUXOSNDPK1,0.275244
PROTSNDPK1,0.282083
AUXOSNDPK2,0.495475
PROTSNDPK2,0.495475
AUXOSNDPK3,-0.003272
PROTSNDPK3,-0.006070
AUXOSNDPK4,0.001036
PROTSNDPK4,-0.001036
AUXOSNDPK5,0.000000
PROTSNDPK5,0.000000
AUXOSNDPK6,0.000000
PROTSNDPK6,0.000000
AUXOSNDPK7,0.000000
PROTSNDPK7,0.000000
AUXOSNDPK8,-0.000015
PROTSNDPK8,-0.000015
AUXOSNDPK9,0.141836
PROTSNDPK9,0.149305
AUXOSNFORTYRt,0.000000
PROTSNFORTYRt,0.000000
AUXOSNFTYROX,0.000000
PROTSNFTYROX,0.000000
AUXOSNH4t,1.616897
PROTSNH4t,1.604804
AUXOSNH4ti,0.000000
PROTSNH4ti,0.000000
AUXOSNH4tm,0.000000
PROTSNH4tm,0.000000
AUXOSNH4tn,0.000000
PROTSNH4tn,0.000000
AUXOSNH4tp,0.000000
PROTSNH4tp,-0.000000
AUXOSNMNAT,0.000000
PROTSNMNAT,0.000000
AUXOSNMNATm,0.000000
PROTSNMNATm,0.000000
AUXOSNMNTP,0.000000
PROTSNMNTP,0.000000
AUXOSNMNt2m,0.000000
PROTSNMNt2m,0.000000
AUXOSNMNt2p,0.000000
PROTSNMNt2p,0.000000
AUXOSNNAMr,0.000000
PROTSNNAMr,0.000000
AUXOSNNAMrm,0.000000
PROTSNNAMrm,0.000000
AUXOSNNAT,0.000000
PROTSNNAT,0.000000
AUXOSNNATm,0.000000
PROTSNNATm,0.000000
AUXOSNNDPR,0.000000
PROTSNNDPR,0.000000
AUXOSNNDPRm,0.000000
PROTSNNDPRm,0.000000
AUXOSNNMT,0.000000
PROTSNNMT,0.000000
AUXOSNTD1,0.000000
PROTSNTD1,0.000000
AUXOSNTD10,0.000000
PROTSNTD10,0.000000
AUXOSNTD11,0.000000
PROTSNTD11,0.000000
AUXOSNTD2,0.000000
PROTSNTD2,0.000000
AUXOSNTD3,0.000000
PROTSNTD3,0.000000
AUXOSNTD4,0.000000
PROTSNTD4,0.000000
AUXOSNTD5,0.000000
PROTSNTD5,0.000000
AUXOSNTD6,0.000000
PROTSNTD6,0.000000
AUXOSNTD7,0.000000
PROTSNTD7,0.000000
AUXOSNTD8,0.000000
PROTSNTD8,0.000000
AUXOSNTD9,0.000000
PROTSNTD9,0.000000
AUXOSNTP3,0.000000
PROTSNTP3,0.000000
AUXOSNTP4,0.000000
PROTSNTP4,0.000000
AUXOSNTRLASE,0.000000
PROTSNTRLASE,0.000000
AUXOSNTRLASE2,0.000000
PROTSNTRLASE2,0.000000
AUXOSNTRLASE3,0.000000
PROTSNTRLASE3,0.000000
AUXOSO2t,2.006697
PROTSO2t,1.993303
AUXOSO2ter,0.000974
PROTSO2ter,0.000293
AUXOSO2tm,1.983548
PROTSO2tm,1.983500
AUXOSOAAt,-0.002692
PROTSOAAt,0.002692
AUXOSOAAt2m,0.191868
PROTSOAAt2m,0.192488
AUXOSOBDHm,0.000000
PROTSOBDHm,0.000000
AUXOSOCBTi,0.044161
PROTSOCBTi,0.048348
AUXOSOCDCAt,0.000000
PROTSOCDCAt,0.000000
AUXOSOCDCEAt,0.000000
PROTSOCDCEAt,0.000000
AUXOSOCDCYAt,0.000000
PROTSOCDCYAt,0.000000
AUXOSOHACT1,0.000000
PROTSOHACT1,0.000000
AUXOSOHACT2,0.000000
PROTSOHACT2,0.000000
AUXOSOHACT3,0.000000
PROTSOHACT3,0.000000
AUXOSOHACT4,0.000000
PROTSOHACT4,0.000000
AUXOSOHACT5,0.000000
PROTSOHACT5,0.000000
AUXOSOHPBAT,0.000000
PROTSOHPBAT,0.000000
AUXOSOMCDC,0.086463
PROTSOMCDC,0.084164
AUXOSOMCDCm,0.000000
PROTSOMCDCm,0.000000
AUXOSOMPDC,0.032870
PROTSOMPDC,0.030798
AUXOSORNDC,0.000000
PROTSORNDC,0.000000
AUXOSORNTA,0.000000
PROTSORNTA,0.000000
AUXOSORNTACim,0.046178
PROTSORNTACim,0.046331
AUXOSORNt2r,-0.002017
PROTSORNt2r,0.002017
AUXOSORNt3m,0.046178
PROTSORNt3m,0.046331
AUXOSORPT,-0.032870
PROTSORPT,-0.030798
AUXOSOXAGm,0.083610
PROTSOXAGm,0.081145
AUXOSOXO2Ctm,0.000000
PROTSOXO2Ctm,0.000000
AUXOSP5CDm,0.000000
PROTSP5CDm,0.000000
AUXOSP5CR,0.051214
PROTSP5CR,0.043598
AUXOSPACALDt,0.000000
PROTSPACALDt,0.000000
AUXOSPACALDtm,0.000000
PROTSPACALDtm,0.000000
AUXOSPAK_SC,0.000000
PROTSPAK_SC,0.000000
AUXOSPAN4Ptm,0.000000
PROTSPAN4Ptm,0.000000
AUXOSPANTS,0.000000
PROTSPANTS,0.000000
AUXOSPANTtm,0.000000
PROTSPANTtm,0.000000
AUXOSPAPSR,0.000000
PROTSPAPSR,0.032986
AUXOSPAPt,0.000447
PROTSPAPt,-0.000447
AUXOSPAPtm,0.000000
PROTSPAPtm,0.000000
AUXOSPAtm_SC,0.000000
PROTSPAtm_SC,-0.000000
AUXOSPC,0.560207
PROTSPC,0.570059
AUXOSPCDAGAT,0.000009
PROTSPCDAGAT,0.000009
AUXOSPDE1,0.000000
PROTSPDE1,0.000000
AUXOSPDE2,0.000000
PROTSPDE2,0.000000
AUXOSPDE3,0.000000
PROTSPDE3,0.000000
AUXOSPDE4,0.000000
PROTSPDE4,0.000000
AUXOSPDE5,0.000000
PROTSPDE5,0.000000
AUXOSPDHcm,0.109502
PROTSPDHcm,0.111103
AUXOSPDHm,0.710344
PROTSPDHm,0.704674
AUXOSPDX5PO,0.000000
PROTSPDX5PO,0.000000
AUXOSPENDPtm,0.000000
PROTSPENDPtm,0.000000
AUXOSPEPAT,0.000000
PROTSPEPAT,0.000000
AUXOSPEPDt3,0.000000
PROTSPEPDt3,0.000000
AUXOSPETHCT,0.000000
PROTSPETHCT,0.000000
AUXOSPETOHM_SC,0.001727
PROTSPETOHM_SC,0.001727
AUXOSPEtg_SC,0.000000
PROTSPEtg_SC,0.000000
AUXOSPEtm_SC,-0.000030
PROTSPEtm_SC,-0.000030
AUXOSPEtv_SC,0.000000
PROTSPEtv_SC,0.000000
AUXOSPFK,5.303422
PROTSPFK,5.301489
AUXOSPFK26,0.000000
PROTSPFK26,0.000000
AUXOSPFK_2,0.000000
PROTSPFK_2,0.000000
AUXOSPFK_3,3.622483
PROTSPFK_3,3.622962
AUXOSPGAMT,0.000000
PROTSPGAMT,0.000000
AUXOSPGCD,0.161865
PROTSPGCD,0.167065
AUXOSPGI,4.196692
PROTSPGI,4.187409
AUXOSPGK,-18.036950
PROTSPGK,-18.040257
AUXOSPGL,0.795106
PROTSPGL,0.808595
AUXOSPGM,-17.875085
PROTSPGM,-17.873192
AUXOSPGMT,-0.482608
PROTSPGMT,-0.482608
AUXOSPGPPAm_SC,0.000000
PROTSPGPPAm_SC,0.000000
AUXOSPHCDm,0.000000
PROTSPHCDm,0.000000
AUXOSPHCHGSm,0.000000
PROTSPHCHGSm,0.000000
AUXOSPHEACt,0.000000
PROTSPHEACt,0.000000
AUXOSPHETA1,-0.041785
PROTSPHETA1,-0.035297
AUXOSPHETRS,0.000000
PROTSPHETRS,0.000000
AUXOSPHETRSm,0.000000
PROTSPHETRSm,0.000000
AUXOSPHEt2m,0.000000
PROTSPHEt2m,0.000000
AUXOSPHEt2r,-0.003244
PROTSPHEt2r,0.003244
AUXOSPI35BP5P_SC,0.000000
PROTSPI35BP5P_SC,0.000000
AUXOSPI3P4K_SC,0.000000
PROTSPI3P4K_SC,0.000000
AUXOSPI3P5K_SC,0.000000
PROTSPI3P5K_SC,0.000000
AUXOSPI45BP5P_SC,0.000000
PROTSPI45BP5P_SC,0.000000
AUXOSPI45BPP_SC,0.000000
PROTSPI45BPP_SC,0.000000
AUXOSPI4P5K_SC,0.000000
PROTSPI4P5K_SC,0.000000
AUXOSPIN3K_SC,0.000000
PROTSPIN3K_SC,0.000000
AUXOSPIN4K_SC,0.000000
PROTSPIN4K_SC,0.000000
AUXOSPIN4Kn_SC,0.000000
PROTSPIN4Kn_SC,0.000000
AUXOSPINOS_SC,0.001526
PROTSPINOS_SC,0.001526
AUXOSPIt2m,4.299659
PROTSPIt2m,4.297923
AUXOSPIt2n,0.000000
PROTSPIt2n,0.000000
AUXOSPIt2p,0.000000
PROTSPIt2p,0.000000
AUXOSPIt2r,0.059121
PROTSPIt2r,0.054691
AUXOSPIt2v,0.000000
PROTSPIt2v,0.000000
AUXOSPIt5m,0.000000
PROTSPIt5m,0.000000
AUXOSPLBP1I_SCe,0.000000
PROTSPLBP1I_SCe,0.000000
AUXOSPLBPC_SC,0.000000
PROTSPLBPC_SC,0.000000
AUXOSPLBPC_SCe,0.000000
PROTSPLBPC_SCe,0.000000
AUXOSPLD_SC,0.000000
PROTSPLD_SC,0.000000
AUXOSPMANM,-0.232540
PROTSPMANM,-0.232540
AUXOSPMDPHT,0.000285
PROTSPMDPHT,0.000285
AUXOSPMETM_SC,0.001727
PROTSPMETM_SC,0.001727
AUXOSPMEVK,0.005842
PROTSPMEVK,0.001759
AUXOSPMI12346PH,0.000000
PROTSPMI12346PH,0.000000
AUXOSPMI12346PS,0.000000
PROTSPMI12346PS,0.000000
AUXOSPMI1346PH,0.000000
PROTSPMI1346PH,0.000000
AUXOSPMI1346PS,0.000000
PROTSPMI1346PS,0.000000
AUXOSPMPK,0.000000
PROTSPMPK,0.000000
AUXOSPNP,0.000000
PROTSPNP,0.000000
AUXOSPNTK,0.000000
PROTSPNTK,0.000000
AUXOSPNTOt2,0.000000
PROTSPNTOt2,0.000000
AUXOSPOLYAO,0.000000
PROTSPOLYAO,0.000000
AUXOSPOLYAO2,0.000000
PROTSPOLYAO2,0.000000
AUXOSPOLYAO3,0.000000
PROTSPOLYAO3,0.000000
AUXOSPPA,1.159214
PROTSPPA,1.152648
AUXOSPPAm,0.000000
PROTSPPAm,0.000000
AUXOSPPBNGS,0.000001
PROTSPPBNGS,0.000001
AUXOSPPCDC,0.000000
PROTSPPCDC,0.000000
AUXOSPPCK,0.000000
PROTSPPCK,0.000000
AUXOSPPM,0.000000
PROTSPPM,0.000000
AUXOSPPNCL2,0.000000
PROTSPPNCL2,0.000000
AUXOSPPND,0.000000
PROTSPPND,0.000000
AUXOSPPND2,0.026572
PROTSPPND2,0.032146
AUXOSPPNDH,0.041785
PROTSPPNDH,0.035297
AUXOSPPPG9tm,0.000000
PROTSPPPG9tm,0.000000
AUXOSPPPGOm,0.000000
PROTSPPPGOm,0.000000
AUXOSPPTTm,0.000000
PROTSPPTTm,0.000000
AUXOSPPYRDC,0.000000
PROTSPPYRDC,0.000000
AUXOSPRAGSr,0.028047
PROTSPRAGSr,0.028940
AUXOSPRAIS,0.028047
PROTSPRAIS,0.028940
AUXOSPRAIi,0.009285
PROTSPRAIi,0.007064
AUXOSPRAMPC,0.020159
PROTSPRAMPC,0.018008
AUXOSPRASCS,0.028047
PROTSPRASCS,0.028940
AUXOSPRATPP,0.020159
PROTSPRATPP,0.018008
AUXOSPRFGS,0.028047
PROTSPRFGS,0.028940
AUXOSPRMICIi,0.020159
PROTSPRMICIi,0.018008
AUXOSPRO1xm,0.000000
PROTSPRO1xm,0.000000
AUXOSPROTRS,0.000000
PROTSPROTRS,0.000000
AUXOSPROt2r,-0.003808
PROTSPROt2r,0.003808
AUXOSPROtm,0.000000
PROTSPROtm,0.000000
AUXOSPRPPS,0.090362
PROTSPRPPS,0.084810
AUXOSPRPPtm,0.000000
PROTSPRPPtm,0.000000
AUXOSPSCVTi,0.077641
PROTSPSCVTi,0.074508
AUXOSPSERDg_SC,0.000000
PROTSPSERDg_SC,0.000000
AUXOSPSERDm_SC,0.003022
PROTSPSERDm_SC,0.003022
AUXOSPSERDv_SC,0.000000
PROTSPSERDv_SC,0.000000
AUXOSPSERS_SC,0.003512
PROTSPSERS_SC,0.003512
AUXOSPSERSm_SC,0.000000
PROTSPSERSm_SC,-0.000001
AUXOSPSERT,0.161865
PROTSPSERT,0.167065
AUXOSPSPH1Pter,0.000000
PROTSPSPH1Pter,0.000000
AUXOSPSPHPL,0.000000
PROTSPSPHPL,0.000000
AUXOSPSPHS,0.000000
PROTSPSPHS,0.000000
AUXOSPSP_L,0.161865
PROTSPSP_L,0.167065
AUXOSPStg_SC,0.000000
PROTSPStg_SC,0.000000
AUXOSPStm_SC,0.000030
PROTSPStm_SC,0.000030
AUXOSPStv_SC,0.000000
PROTSPStv_SC,0.000000
AUXOSPTD1INOtn_SC,0.000000
PROTSPTD1INOtn_SC,0.000000
AUXOSPTD4INOtn_SC,0.000000
PROTSPTD4INOtn_SC,0.000000
AUXOSPTE10x,0.000000
PROTSPTE10x,0.000000
AUXOSPTE11x,0.000000
PROTSPTE11x,0.000000
AUXOSPTE12x,0.000000
PROTSPTE12x,0.000000
AUXOSPTE2x,0.000000
PROTSPTE2x,0.000000
AUXOSPTE7x,0.000000
PROTSPTE7x,0.000000
AUXOSPTE8x,0.000000
PROTSPTE8x,0.000000
AUXOSPTE9x,0.000000
PROTSPTE9x,0.000000
AUXOSPTPATi,0.000000
PROTSPTPATi,0.000000
AUXOSPTPATim,0.000000
PROTSPTPATim,0.000000
AUXOSPTRCt3i,0.504471
PROTSPTRCt3i,0.500479
AUXOSPTRCtex2,0.504471
PROTSPTRCtex2,0.500479
AUXOSPUNP1,0.000000
PROTSPUNP1,0.000000
AUXOSPUNP1m,0.000000
PROTSPUNP1m,0.000000
AUXOSPUNP2,0.000000
PROTSPUNP2,0.000000
AUXOSPUNP3,0.000000
PROTSPUNP3,0.000000
AUXOSPUNP3m,0.000000
PROTSPUNP3m,0.000000
AUXOSPUNP4,0.000000
PROTSPUNP4,0.000000
AUXOSPUNP5,0.000000
PROTSPUNP5,0.000000
AUXOSPUNP6,0.000000
PROTSPUNP6,0.000000
AUXOSPUNP7,0.000000
PROTSPUNP7,0.000000
AUXOSPYAM5PO,0.000000
PROTSPYAM5PO,0.000000
AUXOSPYDAMK,0.000000
PROTSPYDAMK,0.000000
AUXOSPYDXK,0.000000
PROTSPYDXK,0.000000
AUXOSPYDXNK,0.000000
PROTSPYDXNK,0.000000
AUXOSPYDXNO,0.000000
PROTSPYDXNO,0.000000
AUXOSPYDXO,0.000000
PROTSPYDXO,0.000000
AUXOSPYK,17.719802
PROTSPYK,17.724177
AUXOSPYNP2r,0.000000
PROTSPYNP2r,0.000000
AUXOSPYR5CDm,0.000000
PROTSPYR5CDm,0.000000
AUXOSPYRDC,15.946549
PROTSPYRDC,15.947555
AUXOSPYRDC2,0.000000
PROTSPYRDC2,0.000000
AUXOSPYRt,0.000000
PROTSPYRt,0.000000
AUXOSPYRt2,0.000000
PROTSPYRt2,0.000000
AUXOSPYRt2m,0.725764
PROTSPYRt2m,0.722132
AUXOSPYRt2p,0.000000
PROTSPYRt2p,-0.000000
AUXOSQUILSYN,0.000000
PROTSQUILSYN,0.000000
AUXOSQULNtm,0.000000
PROTSQULNtm,0.000000
AUXOSRAFGH,0.000000
PROTSRAFGH,0.000000
AUXOSRBFK,0.000000
PROTSRBFK,0.000000
AUXOSRBFKm,0.000000
PROTSRBFKm,0.000000
AUXOSRBFSa,0.000570
PROTSRBFSa,0.000570
AUXOSRBFSb,0.000285
PROTSRBFSb,0.000285
AUXOSRBK,0.000000
PROTSRBK,0.000000
AUXOSRIBFLVt2,0.000000
PROTSRIBFLVt2,0.000000
AUXOSRIBFLVtm,0.000000
PROTSRIBFLVtm,0.000000
AUXOSRIBt2,0.000000
PROTSRIBt2,0.000000
AUXOSRNDR1,0.000526
PROTSRNDR1,0.000526
AUXOSRNDR1n,0.000000
PROTSRNDR1n,0.000000
AUXOSRNDR2,0.000691
PROTSRNDR2,0.000691
AUXOSRNDR2n,0.000000
PROTSRNDR2n,0.000000
AUXOSRNDR3,0.000000
PROTSRNDR3,0.000000
AUXOSRNDR3n,0.000000
PROTSRNDR3n,0.000000
AUXOSRNDR4,0.002763
PROTSRNDR4,0.000691
AUXOSRNDR4n,0.000000
PROTSRNDR4n,0.000000
AUXOSRNMK,0.000000
PROTSRNMK,0.000000
AUXOSRNTR1,0.000511
PROTSRNTR1,0.000511
AUXOSRNTR2,0.000000
PROTSRNTR2,0.000000
AUXOSRNTR3,0.000000
PROTSRNTR3,0.000000
AUXOSRNTR4,0.000000
PROTSRNTR4,0.000000
AUXOSRPE,0.443569
PROTSRPE,0.457307
AUXOSRPI,-0.350967
PROTSRPI,-0.350717
AUXOSSACCD1,0.083610
PROTSSACCD1,0.081145
AUXOSSACCD2,0.083610
PROTSSACCD2,0.081145
AUXOSSADT,0.000000
PROTSSADT,0.000000
AUXOSSAM24MT,0.000000
PROTSSAM24MT,0.000000
AUXOSSBPP1er,0.000000
PROTSSBPP1er,0.000000
AUXOSSBPP2er,0.000000
PROTSSBPP2er,0.000000
AUXOSSBTD_D2,0.000000
PROTSSBTD_D2,0.000000
AUXOSSBTD_L,0.000000
PROTSSBTD_L,0.000000
AUXOSSBTR,0.000000
PROTSSBTR,0.000000
AUXOSSBT_Dt,0.000000
PROTSSBT_Dt,0.000000
AUXOSSBT_Lt,0.000000
PROTSSBT_Lt,0.000000
AUXOSSERATi,-0.000010
PROTSSERATi,0.000000
AUXOSSERD_L,0.000000
PROTSSERD_L,0.000000
AUXOSSERPT,0.000000
PROTSSERPT,0.000000
AUXOSSERTRS,0.000000
PROTSSERTRS,0.000000
AUXOSSERt2m,0.000000
PROTSSERt2m,-0.000001
AUXOSSERt2r,-0.010932
PROTSSERt2r,0.010932
AUXOSSFGTH,0.000000
PROTSSFGTH,0.000000
AUXOSSHCHD,0.000000
PROTSSHCHD,0.000000
AUXOSSHCHF,0.000000
PROTSSHCHF,0.000000
AUXOSSHK3D,0.077641
PROTSSHK3D,0.074508
AUXOSSHKK,0.077641
PROTSSHKK,0.074508
AUXOSSHSL1,0.000000
PROTSSHSL1,0.000000
AUXOSSHSL4r,0.000000
PROTSSHSL4r,0.000000
AUXOSSLCBK1,0.000000
PROTSSLCBK1,0.000000
AUXOSSLCBK2,0.000000
PROTSSLCBK2,0.000000
AUXOSSLFAT,0.000000
PROTSSLFAT,0.032986
AUXOSSO3ti,0.000000
PROTSSO3ti,0.000000
AUXOSSO4ti,0.005757
PROTSSO4ti,0.038743
AUXOSSPH1Pter,0.000000
PROTSSPH1Pter,0.000000
AUXOSSPHPL,0.000000
PROTSSPHPL,0.000000
AUXOSSPMDAT1,0.000000
PROTSSPMDAT1,0.000000
AUXOSSPMDt3i,0.504471
PROTSSPMDt3i,0.500479
AUXOSSPMDtex2,0.504471
PROTSSPMDtex2,0.500479
AUXOSSPMS,0.000000
PROTSSPMS,0.000000
AUXOSSPRMS,0.000000
PROTSSPRMS,0.000000
AUXOSSPRMt2i,0.000000
PROTSSPRMt2i,0.000000
AUXOSSQ23EPXter,0.000974
PROTSSQ23EPXter,0.000293
AUXOSSQLEr,0.000974
PROTSSQLEr,0.000293
AUXOSSQLErx,0.000000
PROTSSQLErx,0.000000
AUXOSSQLS,0.000974
PROTSSQLS,0.000293
AUXOSSQLter,0.000974
PROTSSQLter,0.000293
AUXOSSRB_Lt,0.000000
PROTSSRB_Lt,0.000000
AUXOSSSALy,0.000000
PROTSSSALy,0.000000
AUXOSSUCCt2r,-0.000737
PROTSSUCCt2r,0.000737
AUXOSSUCCtm,1.128404
PROTSSUCCtm,1.125049
AUXOSSUCD1m,0.575674
PROTSSUCD1m,0.576404
AUXOSSUCD2_u6m,0.771732
PROTSSUCD2_u6m,0.770848
AUXOSSUCD3_u6m,0.196058
PROTSSUCD3_u6m,0.194444
AUXOSSUCFUMtm,0.000000
PROTSSUCFUMtm,0.000000
AUXOSSUCOASm,-0.219002
PROTSSUCOASm,-0.222203
AUXOSSUCRe,0.000000
PROTSSUCRe,0.000000
AUXOSSUCRt2,0.000000
PROTSSUCRt2,0.000000
AUXOSSULR,0.000000
PROTSSULR,-0.032986
AUXOST4HCINNMFM,0.000000
PROTST4HCINNMFM,0.000000
AUXOSTAGL_SC,0.000000
PROTSTAGL_SC,0.000000
AUXOSTALA,-3.361878
PROTSTALA,-3.357055
AUXOSTAUDO,0.000000
PROTSTAUDO,0.000000
AUXOSTAURt,0.000000
PROTSTAURt,0.000000
AUXOSTCHOLAabcv,0.000000
PROTSTCHOLAabcv,0.000000
AUXOSTHFATm,0.000000
PROTSTHFATm,0.000000
AUXOSTHFGLUS,0.000000
PROTSTHFGLUS,0.000000
AUXOSTHIORDXi,0.000000
PROTSTHIORDXi,0.000000
AUXOSTHIORDXm,0.000000
PROTSTHIORDXm,0.000000
AUXOSTHIORDXni,0.000000
PROTSTHIORDXni,0.000000
AUXOSTHIORDXp,0.000000
PROTSTHIORDXp,0.000000
AUXOSTHMDPe,0.000000
PROTSTHMDPe,0.000000
AUXOSTHMDt2,0.000000
PROTSTHMDt2,0.000000
AUXOSTHMP,0.000000
PROTSTHMP,0.000000
AUXOSTHMPPt2m,0.000000
PROTSTHMPPt2m,0.000000
AUXOSTHMPe,0.000000
PROTSTHMPe,0.000000
AUXOSTHMt2,0.000000
PROTSTHMt2,0.000000
AUXOSTHRA2i,0.000000
PROTSTHRA2i,0.000000
AUXOSTHRAi,0.000000
PROTSTHRAi,0.000000
AUXOSTHRD_L,0.058290
PROTSTHRD_L,0.048830
AUXOSTHRD_Lm,0.000000
PROTSTHRD_Lm,0.000000
AUXOSTHRS,0.120299
PROTSTHRS,0.097004
AUXOSTHRTRS,0.000000
PROTSTHRTRS,0.000000
AUXOSTHRTRSm,0.000000
PROTSTHRTRSm,0.000000
AUXOSTHRt2m,0.000000
PROTSTHRt2m,0.000000
AUXOSTHRt2r,-0.006918
PROTSTHRt2r,0.006918
AUXOSTHYMt3r,0.000000
PROTSTHYMt3r,0.000000
AUXOSTHZPSN1_SC,0.000000
PROTSTHZPSN1_SC,0.000000
AUXOSTHZPSN2_SC,0.000000
PROTSTHZPSN2_SC,0.000000
AUXOSTKT1,0.260605
PROTSTKT1,0.265907
AUXOSTKT2,0.182964
PROTSTKT2,0.191400
AUXOSTMDK1,0.000000
PROTSTMDK1,0.000000
AUXOSTMDPK,0.000000
PROTSTMDPK,0.000000
AUXOSTMDPP,0.000000
PROTSTMDPP,0.000000
AUXOSTMDPPK,0.000000
PROTSTMDPPK,0.000000
AUXOSTMDS,0.002072
PROTSTMDS,0.000000
AUXOSTMN,0.000000
PROTSTMN,0.000000
AUXOSTMPKr,0.000000
PROTSTMPKr,0.000000
AUXOSTMPPP,0.000000
PROTSTMPPP,0.000000
AUXOSTPI,8.918796
PROTSTPI,8.917342
AUXOSTRDOXtp,0.000000
PROTSTRDOXtp,0.000000
AUXOSTRDR,0.004490
PROTSTRDR,0.035404
AUXOSTRDRDtp,0.000000
PROTSTRDRDtp,0.000000
AUXOSTRDRm,0.000000
PROTSTRDRm,0.000000
AUXOSTRE6PP,0.006735
PROTSTRE6PP,0.006735
AUXOSTRE6PS,0.006735
PROTSTRE6PS,0.006735
AUXOSTREH,0.000000
PROTSTREH,0.000000
AUXOSTREHv,0.000000
PROTSTREHv,0.000000
AUXOSTREt2,0.000000
PROTSTREt2,0.000000
AUXOSTREt2v,0.000000
PROTSTREt2v,0.000000
AUXOSTRIGS_SC,0.000950
PROTSTRIGS_SC,0.000950
AUXOSTRPO2,0.000000
PROTSTRPO2,0.000000
AUXOSTRPS1,0.009285
PROTSTRPS1,0.007064
AUXOSTRPTA,-0.000726
PROTSTRPTA,0.000726
AUXOSTRPTRS,0.000000
PROTSTRPTRS,0.000000
AUXOSTRPTRSm,0.000000
PROTSTRPTRSm,0.000000
AUXOSTRPt2m,0.000000
PROTSTRPt2m,0.000000
AUXOSTRPt2r,-0.001836
PROTSTRPt2r,0.001836
AUXOSTTCCOAtx,0.000000
PROTSTTCCOAtx,0.000000
AUXOSTTDCAtr,-0.002256
PROTSTTDCAtr,0.002256
AUXOSTYRNFT,0.000000
PROTSTYRNFT,0.000000
AUXOSTYRTAi,0.026572
PROTSTYRTAi,0.032146
AUXOSTYRTAim,0.000000
PROTSTYRTAim,0.000000
AUXOSTYRTAip,0.000000
PROTSTYRTAip,0.000000
AUXOSTYRTRS,0.000000
PROTSTYRTRS,0.000000
AUXOSTYRTRSm,0.000000
PROTSTYRTRSm,0.000000
AUXOSTYRt2m,0.000000
PROTSTYRt2m,0.000000
AUXOSTYRt2p,0.000000
PROTSTYRt2p,0.000000
AUXOSTYRt2r,0.002787
PROTSTYRt2r,-0.002787
AUXOSTYRt6,0.000000
PROTSTYRt6,0.000000
AUXOSTYRt7,0.000000
PROTSTYRt7,0.000000
AUXOSUDPACGLP,0.000000
PROTSUDPACGLP,0.000000
AUXOSUDPG4E,0.000000
PROTSUDPG4E,0.000000
AUXOSUDPGALt2g,0.000000
PROTSUDPGALt2g,0.000000
AUXOSUGLT,-0.160869
PROTSUGLT,-0.160869
AUXOSUGLYCHr,0.000000
PROTSUGLYCHr,0.000000
AUXOSUMPK,0.015629
PROTSUMPK,0.013557
AUXOSUMPKn,0.000000
PROTSUMPKn,0.000000
AUXOSUMPtn,0.000000
PROTSUMPtn,0.000000
AUXOSUNK3,0.000000
PROTSUNK3,0.000000
AUXOSUPP3MT,0.000000
PROTSUPP3MT,0.000000
AUXOSUPP3S,0.000000
PROTSUPP3S,0.000000
AUXOSUPPDC1,0.000000
PROTSUPPDC1,0.000000
AUXOSUPPRT,0.000000
PROTSUPPRT,0.000000
AUXOSURAt2,0.000000
PROTSURAt2,0.000000
AUXOSUREA2t2,0.000000
PROTSUREA2t2,0.000000
AUXOSUREASE,0.000000
PROTSUREASE,0.000000
AUXOSURIDK2r,-0.002763
PROTSURIDK2r,-0.000691
AUXOSURIDK2rn,0.000000
PROTSURIDK2rn,0.000000
AUXOSURIK1,0.000000
PROTSURIK1,0.000000
AUXOSURIK2,0.000000
PROTSURIK2,0.000000
AUXOSURIt2,0.000000
PROTSURIt2,0.000000
AUXOSUTPH1,0.000000
PROTSUTPH1,0.000000
AUXOSUTPtm,0.000000
PROTSUTPtm,0.000000
AUXOSVALTA,-0.078172
PROTSVALTA,-0.074149
AUXOSVALTAim,0.000000
PROTSVALTAim,0.000000
AUXOSVALTRS,0.000000
PROTSVALTRS,0.000000
AUXOSVALTRSm,0.000000
PROTSVALTRSm,0.000000
AUXOSVALt2m,0.000000
PROTSVALt2m,0.000000
AUXOSVALt2r,-0.002011
PROTSVALt2r,0.002011
AUXOSXANt,0.000000
PROTSXANt,0.000000
AUXOSXPPT,0.000000
PROTSXPPT,0.000000
AUXOSXTSNt2,0.000000
PROTSXTSNt2,0.000000
AUXOSXYLK,0.000000
PROTSXYLK,0.000000
AUXOSXYLR,0.000000
PROTSXYLR,0.000000
AUXOSXYLTD_D,0.000000
PROTSXYLTD_D,0.000000
AUXOSXYLTt,0.000000
PROTSXYLTt,0.000000
AUXOSXYLt,0.000000
PROTSXYLt,0.000000
AUXOSYUMPS,0.000000
PROTSYUMPS,0.000000
AUXOSZYMSTAT_SC,0.000000
PROTSZYMSTAT_SC,0.000000
AUXOSZYMSTESTH_SC,0.000000
PROTSZYMSTESTH_SC,0.000000
AUXOSZYMSTESTH_SCe,0.000000
PROTSZYMSTESTH_SCe,0.000000
AUXOSZYMSTt,0.000000
PROTSZYMSTt,0.000000
AUXOSNADPHtru,0.000000
PROTSNADPHtru,0.000000
AUXOSNADPtru,0.000000
PROTSNADPtru,0.000000
AUXOSbiomass_published,0.287832
PROTSbiomass_published,0.287832
communityBiomass,0.287832
EX_13BDglcn(e),0.000000
EX_2hb(e),0.000000
EX_2mbac(e),0.000000
EX_2mbald(e),0.000000
EX_2mbtoh(e),0.000000
EX_2mppal(e),0.000000
EX_2phetoh(e),0.000000
EX_3c3hmp(e),0.000000
EX_3mbald(e),0.000000
EX_3mop(e),0.000000
EX_4abut(e),0.000000
EX_4abz(e),0.000000
EX_5aop(e),0.000000
EX_8aonn(e),0.000000
EX_Nbfortyr(e),0.000000
EX_abt(e),0.000000
EX_ac(e),0.004591
EX_acald(e),0.000000
EX_aces(e),0.000000
EX_ade(e),0.000000
EX_adn(e),0.000000
EX_akg(e),0.000000
EX_ala_L(e),0.000000
EX_alltn(e),0.000000
EX_alltt(e),0.000000
EX_amet(e),0.000000
EX_arab_D(e),0.000000
EX_arab_L(e),0.000000
EX_arg_L(e),0.000000
EX_asn_L(e),0.000000
EX_asp_L(e),0.000000
EX_btd_RR(e),0.000000
EX_btn(e),0.000000
EX_chol(e),0.000000
EX_cit(e),0.000000
EX_co2(e),36.039563
EX_crn(e),0.000000
EX_csn(e),0.000000
EX_cys_L(e),0.000000
EX_cytd(e),0.000000
EX_dad_2(e),0.000000
EX_dann(e),0.000000
EX_dca(e),0.000000
EX_dcyt(e),0.000000
EX_ddca(e),0.000000
EX_dgsn(e),0.000000
EX_din(e),0.000000
EX_dttp(e),0.000000
EX_duri(e),0.000000
EX_epist(e),0.000000
EX_epistest_SC(e),0.000000
EX_ergst(e),0.000000
EX_ergstest_SC(e),0.000000
EX_etha(e),0.000000
EX_etoh(e),31.628392
EX_fe2(e),-0.000001
EX_fecost(e),0.000000
EX_fecostest_SC(e),0.000000
EX_fmn(e),0.000000
EX_for(e),0.002978
EX_fru(e),0.000000
EX_fum(e),0.000000
EX_g3pc(e),0.000000
EX_g3pi(e),0.000000
EX_gal(e),0.000000
EX_galur(e),0.000000
EX_gam6p(e),0.000000
EX_gcald(e),0.000001
EX_glc(e),-20.000000
EX_gln_L(e),0.000000
EX_glu_L(e),0.000000
EX_glx(e),0.000000
EX_gly(e),0.000000
EX_glyc(e),0.000000
EX_gsn(e),0.000000
EX_gthox(e),0.000000
EX_gthrd(e),0.000000
EX_gua(e),0.000000
EX_h2o(e),11.280987
EX_h(e),2.903334
EX_hdca(e),0.000000
EX_hdcea(e),0.000000
EX_hexc(e),0.000000
EX_his_L(e),0.000000
EX_hxan(e),0.000000
EX_iamac(e),0.000000
EX_iamoh(e),0.000000
EX_ibutac(e),0.000000
EX_ibutoh(e),0.000000
EX_id3acald(e),0.000000
EX_ile_L(e),0.000000
EX_ind3eth(e),0.000000
EX_inost(e),0.000000
EX_ins(e),0.000000
EX_k(e),0.000000
EX_lac_D(e),0.000000
EX_lac_L(e),0.000000
EX_lanost(e),0.000000
EX_lanostest_SC(e),0.000000
EX_leu_L(e),0.000000
EX_lys_L(e),0.000000
EX_mal_L(e),0.000000
EX_malt(e),0.000000
EX_man(e),0.000000
EX_melib(e),0.000000
EX_met_L(e),0.000000
EX_mmet(e),0.000000
EX_na1(e),0.000000
EX_nac(e),0.000000
EX_nadp(e),-0.000001
EX_nh4(e),-3.221701
EX_nmn(e),0.000000
EX_o2(e),-4.000000
EX_oaa(e),0.000000
EX_ocdca(e),0.000000
EX_ocdcea(e),0.000000
EX_ocdcya(e),0.000000
EX_orn(e),0.000000
EX_pacald(e),0.000000
EX_pap(e),0.000000
EX_pc_SC(e),0.000000
EX_pectin(e),0.000000
EX_pepd(e),0.000000
EX_phe_L(e),0.000000
EX_pheac(e),0.000000
EX_pi(e),-0.113812
EX_pnto_R(e),0.000000
EX_pro_L(e),0.000000
EX_ptd1ino_SC(e),0.000000
EX_ptrc(e),0.000000
EX_pyr(e),0.000000
EX_rib_D(e),0.000000
EX_ribflv(e),0.000000
EX_sbt_D(e),0.000000
EX_sbt_L(e),0.000000
EX_ser_L(e),0.000000
EX_so3(e),0.000000
EX_so4(e),-0.044500
EX_spmd(e),0.000000
EX_sprm(e),0.000000
EX_srb_L(e),0.000000
EX_succ(e),0.000000
EX_sucr(e),0.000000
EX_taur(e),0.000000
EX_thm(e),0.000000
EX_thmmp(e),0.000000
EX_thmpp(e),0.000000
EX_thr_L(e),0.000000
EX_thym(e),0.000000
EX_thymd(e),0.000000
EX_tre(e),0.000000
EX_trp_L(e),0.000000
EX_ttdca(e),0.000000
EX_tyr_L(e),0.000000
EX_ura(e),0.000000
EX_urea(e),0.000000
EX_uri(e),0.000000
EX_val_L(e),0.000000
EX_xan(e),0.000000
EX_xtsn(e),0.000000
EX_xyl_D(e),0.000000
EX_xylt(e),0.000000
EX_zymst(e),0.000000
EX_zymstest_SC(e),0.000000
